Eval_ID,Q_c,Q_l,R_u,mu,R_T,Z_l,z_l,Mean_Reward,Min_Reward,Success_Rate,Mean_Time,TR_Length
0,166.9735795557499,14.057207137346268,658.108635365963,4.816891545057297,570.9939492940903,37.12728699830817,84.82558500284912,53.33597555738271,23.642443116783426,0.0,2.8925,0.8
1,308.0751441717148,339.30296820402145,156.08404475450516,2.522697535157204,284.2381466329098,17028.965572501293,6065.237643255379,36.54507751128483,23.48408606262773,0.0,1.7475,0.8
2,517.0317669510841,174.13785150647163,919.4375256896019,2.9587129175662996,117.83578971028328,25569.652598124536,18.155658228867544,155.3911653980866,21.910179381631686,0.125,2.9625000000000004,0.8
3,60.31227295845747,518.0974712371826,393.25190982222557,0.6675095573067665,439.650582075119,330.1458971391569,1297.6585464958791,39.232081778842236,23.025650267611052,0.0,3.6525,0.8
4,123.20121930539608,226.07502076029778,97.06073082238436,0.7174245432019234,363.7010948061943,20.057500364576285,46.93897395254419,28.915872810228485,23.594450092590296,0.0,1.8325,0.8
5,567.0422853827477,574.7076871991158,591.2770686745644,3.3298262596130375,42.13416285812855,2317.6206866089265,3436.5378373575504,83.31370182186237,23.070594520338048,0.0,3.3075,0.8
6,408.97754979133606,104.78916856646538,358.61545315384865,1.3911929577589037,210.32802513241768,169036.4198469318,205.49247463882804,26.281990259545466,-23.66007493960762,0.0,2.1825,0.8
7,252.67626577615738,434.6988006234169,830.164624273777,3.9958187222480777,496.76271337270737,652.9623860101412,15039.691959297168,16.231708223361874,0.9249939137189853,0.0,1.44,0.8
8,283.92867144942284,218.99472269415855,302.5034227669239,3.6428883314132694,247.04767695069313,154.9629839368197,29.394953357742384,26.98960086878449,21.017642725216742,0.0,1.3399999999999999,0.8
9,443.7534846663475,469.3652338385582,760.4589375853539,1.0550222232937814,533.765812754631,53386.51058669229,2118.4818177091165,34.8326787889649,4.342416597505715,0.0,3.7275,0.8
10,531.1158511638641,41.36981574445963,57.50031615048647,4.276066958904266,401.87475872039795,7043.199266787237,377.70802822875686,33.32735973578968,-31.48195715171832,0.0,2.15,0.8
11,93.10161583125591,310.4547969698906,506.90424770116806,1.685210055112839,80.02428995072842,87.97112524089302,27212.158037939906,14.417454651238785,5.123448261849969,0.0,1.9149999999999998,0.8
12,24.947742115706205,133.3403339534998,991.1858454346657,2.2286591172218326,5.089349328540266,1047.8991585510958,126.87686479431115,37.0157382271142,22.385626713398782,0.0,2.955,0.8
13,487.53961741924286,407.09824138879776,447.38228127360344,4.536589568853378,326.6209836602211,107478.21689051946,9215.926898941409,33.63958358791928,22.606715603279152,0.0,1.56,0.8
14,338.756638109684,274.51941910386086,744.4631152749062,0.32989084869623186,459.1336300969124,3892.759071580116,10.545573674044235,161.5270975319661,26.460044740072384,0.125,7.895,0.8
15,201.1510398387909,529.5537298321724,193.60182636976242,2.645597106218338,172.6610607802868,12.185211187829914,765.6934447278003,40.10929333972523,-27.058783113007422,0.0,2.4425,0.8
16,431.6031380082194,251.71650355136396,889.9736372805676,0.39911578330382824,410.8047486895012,10996.480230049101,10.0,92.53348099857041,0.20923910652216998,58.510019500747255,30.79275852000465,24.918338094879537,0.0,5.1675,0.8
17,320.9130723866848,286.3039887248943,775.7542619204161,0.13273165117348867,492.07143504090163,2415.697819226408,10.0,66.03987747415451,0.25645987880767784,46.12897417759552,49.462770918501704,26.40279127151016,0.0,9.2075,0.8
18,341.5106170777781,265.6796619229913,734.3270555455936,0.37180178566658695,446.92968955651673,4210.413258437286,10.0,98.50016383803343,0.27546118768524086,47.383427914817105,161.56274651276223,41.85725356493805,0.125,7.37,0.8
19,265.95039459631863,340.79829415795587,739.0674509614113,0.1389326190948303,421.0430379645777,5290.59447590732,10.0,157.4960038250047,0.22215345673217327,45.3573259401544,38.25982036348201,26.499163295955007,0.0,7.3475,0.8
20,348.2392752742829,261.74013814572186,722.9884878412682,0.4450191467072767,435.1184968497233,5032.033296816755,10.246923046469798,109.04675511217333,0.28503849552931476,47.77827904304563,46.3857341877027,24.19894864671771,0.0,6.355,0.8
21,531.3338058786695,235.55000239451962,1000.0,0.6419886559329459,489.0851058503156,81574.03492131237,10.0,63.38580785295512,0.35266649889018803,46.42683264893823,36.49119748310999,24.809644844863765,0.0,5.41,0.8
22,581.1106170777781,171.75978836775627,1000.0,2.3318017856665874,207.3296895565167,265659.1168707786,10.0,46.00219393603119,0.17301911057791633,75.41955428330778,39.72368781006674,23.60784721796724,0.0,3.175,0.8
23,332.3018405983286,269.3553127085285,739.9415648067683,0.3063640087202557,453.0196997284852,3607.6001123486662,10.0,92.1796438528698,0.26276630443920357,47.051814083546745,52.6142536741992,25.80184977683634,0.0,8.2875,0.8
24,425.390987500211,196.71949813904408,842.3494293178214,2.3318017856665874,207.3296895565167,3940.30560064328,13.451297294777694,121.11846881097117,0.32124807622965423,64.12317411722614,152.51988265470663,23.44532657643257,0.125,2.91,0.8
25,413.0958707099666,123.27779976882825,708.0222781708871,2.3318017856665874,207.3296895565167,3650.9054468648173,10.0,216.4125994425793,0.3428428306861983,74.11387048977149,37.79766281234415,22.469862877562353,0.0,2.7,0.8
26,465.20291404885677,162.8059199712941,904.3511737122253,2.3318017856665874,207.3296895565167,3445.7780044663646,15.986754253730817,124.89179768757757,0.34914312884314774,71.7938191742349,43.0685769883101,24.30681798879253,0.0,3.155,0.8
27,370.06489530593535,217.43329928036826,769.0077956582413,2.3318017856665874,207.3296895565167,2069.0635151852275,11.35657992713628,124.49426490142791,0.30525039289287503,61.13567416108544,41.559391989675056,23.3222089544545,0.0,2.855,0.8
28,581.1106170777781,26.07966192299127,1000.0,2.3318017856665874,207.3296895565167,7547.531614694118,10.0,20.0,0.6714611876852409,7.783427914817103,158.17675082733308,24.3619925219599,0.125,3.5225,0.4
29,221.7106170777781,145.8796619229913,534.5270555455935,1.3518017856665872,327.1296895565168,15482.280601118971,10.0,20.0,0.47346118768524087,27.583427914817104,30.60635659124765,23.359895366701462,0.0,2.465,0.4
30,461.31061707777815,385.4796619229913,934.1270555455936,1.3518017856665872,327.1296895565168,530.0596245201777,10.0,20.0,0.47346118768524087,27.583427914817104,34.845728056472865,24.242798255361446,0.0,3.59,0.4
31,461.31061707777815,145.8796619229913,534.5270555455935,0.1,561.7690284724765,530.0596245201777,10.0,20.0,0.07746118768524082,27.583427914817104,51.0109318601804,27.899475632409967,0.0,10.427499999999998,0.4
32,221.7106170777781,145.8796619229913,934.1270555455936,1.3518017856665872,327.1296895565168,530.0596245201777,10.0,20.0,0.07746118768524082,27.583427914817104,34.80352606738774,22.24349372989096,0.0,3.5175,0.4
33,327.88017574714974,145.8796619229913,934.1270555455936,1.3518017856665872,566.7296895565167,33444.50131034202,10.0,20.0,0.47346118768524087,27.583427914817104,49.34931645794401,23.892926230599613,0.0,4.7975,0.4
34,221.7106170777781,145.8796619229913,934.1270555455936,0.22810811204602005,566.7296895565167,33444.50131034202,10.0,20.0,0.47346118768524087,27.583427914817104,36.40748498280497,26.130731083043546,0.0,7.3549999999999995,0.4
35,461.31061707777815,145.8796619229913,934.1270555455936,1.3518017856665872,327.1296895565168,6865.58883270218,10.0,20.0,0.47346118768524087,27.583427914817104,163.62207209909357,24.748746272311458,0.125,4.9325,0.4
36,581.1106170777781,26.07966192299129,1000.0,2.3318017856665874,207.32968955651674,6383.149461657168,10.70150010470021,20.0,0.6714611876852409,9.009121412234617,155.93568987893516,23.67138710304669,0.125,3.335,0.4
37,581.1106170777781,26.07966192299129,1000.0,2.3318017856665874,207.32968955651674,7571.624126939409,10.0,20.0,0.27546118768524086,7.783427914817103,36.26172503029531,23.39519150274874,0.0,2.855,0.4
38,539.615722633742,183.9160027993841,997.3254784222347,2.3318017856665874,207.32968955651674,8235.043713308844,11.71401873393978,35.55070920990918,0.5958413543770698,37.167156368970815,50.503744594480885,23.34402165056535,0.0,3.7824999999999998,0.4
39,581.1106170777781,26.07966192299129,1000.0,0.37180178566658684,446.92968955651673,3373.40563451029,50.11872336272725,20.0,0.6714611876852409,7.783427914817103,40.19371691121708,24.28001964064185,0.0,6.99,0.4
40,581.1106170777781,26.07966192299129,1000.0,0.37180178566658684,207.32968955651674,864.326424841902,10.0,20.0,0.6714611876852409,7.783427914817103,162.10652859618202,26.00648179670146,0.125,7.692500000000001,0.4
41,346.966228781733,265.67966192299133,747.5657046232114,0.37180178566658684,446.92968955651673,4086.936346397291,10.0,91.60552879241523,0.28806010594915377,47.28349916474038,40.84757010598689,24.864969202057598,0.0,6.495000000000001,0.4
42,581.1106170777781,26.07966192299129,734.3270555455937,0.37180178566658684,207.32968955651674,864.326424841902,10.0,20.0,0.6714611876852409,7.783427914817103,34.53728573373227,25.098259583964285,0.0,4.859999999999999,0.4
43,516.4711656378196,106.54371351063546,934.4097712180678,1.5306326490385493,297.3832174723869,8646.057102228237,10.0,20.0,0.5064314219789727,25.729189900225563,156.37420055027218,23.378303020755578,0.125,4.0600000000000005,0.4
44,555.5859227168922,53.96720495168941,985.5633192506793,0.6737950641772866,207.32968955651674,1476.5699453703664,10.0,20.0,0.6625268602152737,12.119162128560546,35.56812105749425,24.484051594930005,0.0,4.8425,0.4
45,581.1106170777781,26.07966192299129,1000.0,2.3318017856665874,207.32968955651674,54535.310578230674,10.0,20.0,0.6714611876852409,7.783427914817103,33.21804000734938,23.069252701110806,0.0,2.6825,0.2
46,521.2106170777781,205.7796619229913,1000.0,1.8418017856665874,267.22968955651675,6486.6021077855,10.0,20.0,0.5724611876852409,17.683427914817102,43.88762951048109,25.535334083071568,0.0,3.8274999999999997,0.2
47,521.2106170777781,85.97966192299128,1000.0,1.8418017856665874,267.22968955651675,2436.002842815249,10.0,20.0,0.5724611876852409,37.4834279148171,34.641690125999936,22.260018430350666,0.0,3.095,0.2
48,521.2106170777781,85.97966192299128,1000.0,1.8418017856665874,267.22968955651675,2436.002842815249,10.0,20.0,0.5724611876852409,17.683427914817102,34.355793999059664,23.90724968894554,0.0,3.1275,0.2
49,521.2106170777781,85.97966192299128,1000.0,1.8418017856665874,267.22968955651675,2436.002842815249,10.0,20.0,0.5724611876852409,37.4834279148171,44.576730913977684,23.580681366194895,0.0,3.8225,0.2
50,521.2106170777781,85.97966192299128,1000.0,1.8418017856665874,267.22968955651675,2436.002842815249,10.0,68.0,0.5724611876852409,17.683427914817102,41.25091075777689,23.200649193461437,0.0,3.4400000000000004,0.2
51,521.2106170777781,85.97966192299128,1000.0,1.8418017856665874,267.22968955651675,19349.85837916764,10.0,20.0,0.5724611876852409,37.4834279148171,39.91359651017532,23.836633530664127,0.0,3.55,0.2
52,521.2106170777781,205.7796619229913,1000.0,1.8418017856665874,267.22968955651675,2436.002842815249,10.0,68.0,0.5724611876852409,17.683427914817102,34.06009408679626,22.025237497456654,0.0,3.0374999999999996,0.2
53,521.2106170777781,85.97966192299128,1000.0,0.8618017856665869,267.22968955651675,19349.85837916764,10.0,20.0,0.5724611876852409,37.4834279148171,44.1587138669872,26.90647924702286,0.0,5.640000000000001,0.2
54,521.2106170777781,85.97966192299128,1000.0,1.8418017856665874,267.22968955651675,2436.002842815249,10.0,68.0,0.5724611876852409,17.683427914817102,41.85945214245798,23.63031510390669,0.0,3.555,0.2
55,521.2106170777781,85.97966192299128,1000.0,1.8418017856665874,267.22968955651675,19349.85837916764,10.0,20.0,0.5724611876852409,37.4834279148171,40.26390425168169,24.912105888365637,0.0,3.615,0.1
56,491.26061707777814,175.8296619229913,984.0770555455937,1.106801785666587,297.17968955651673,4089.5713606762165,10.0,44.0,0.5229611876852408,22.633427914817105,31.17895166238043,24.261321468167587,0.0,3.7425,0.1
57,491.26061707777814,115.92966192299129,984.0770555455937,1.596801785666587,297.17968955651673,4089.5713606762165,10.0,44.0,0.4239611876852409,32.5334279148171,30.321399426768384,22.6482579277391,0.0,3.045,0.1
58,491.26061707777814,115.92966192299129,922.802640058509,1.596801785666587,297.17968955651673,11525.978119117788,14.962356560944336,20.0,0.5229611876852408,22.633427914817105,45.67178715828811,24.115792968737708,0.0,4.112500000000001,0.1
59,491.26061707777814,175.8296619229913,984.0770555455937,1.596801785666587,297.17968955651673,4089.5713606762165,10.0,44.0,0.5229611876852408,32.5334279148171,45.56613735388778,25.043920481552387,0.0,4.175,0.1
60,491.26061707777814,115.92966192299129,884.1770555455936,1.596801785666587,297.17968955651673,11525.978119117788,10.0,20.0,0.5229611876852408,22.633427914817105,155.6544307916043,22.722613904745415,0.125,3.79,0.1
61,491.26061707777814,115.92966192299129,884.1770555455936,1.596801785666587,297.17968955651673,11525.978119117788,10.0,20.0,0.5229611876852408,22.633427914817105,30.772634141118257,23.536208191813564,0.0,2.9625,0.1
62,491.26061707777814,115.92966192299129,884.1770555455936,1.596801785666587,297.17968955651673,11525.978119117788,10.0,20.0,0.5229611876852408,22.633427914817105,154.11717247212223,23.072294261554703,0.125,3.7049999999999996,0.1
63,491.26061707777814,115.92966192299129,884.1770555455936,1.596801785666587,297.17968955651673,11525.978119117788,10.0,20.0,0.5229611876852408,22.633427914817105,36.96615131343733,24.255368915949695,0.0,3.335,0.1
64,491.26061707777814,115.92966192299129,884.1770555455936,1.596801785666587,297.17968955651673,11525.978119117788,10.0,20.0,0.5229611876852408,22.633427914817105,158.4830391614591,23.321553177686148,0.125,4.02,0.1
65,491.26061707777814,115.92966192299129,884.1770555455936,1.596801785666587,297.17968955651673,11525.978119117788,10.0,20.0,0.5229611876852408,22.633427914817105,40.796636157589774,23.131903761725642,0.0,3.7,0.05
66,476.28561707777817,130.9046619229913,909.1520555455936,1.4743017856665872,312.15468955651676,8895.652121153622,10.0,20.0,0.49821118768524086,25.108427914817103,157.84250927371392,23.511825053123108,0.125,4.155,0.05
67,476.28561707777817,130.9046619229913,909.1520555455936,1.4743017856665872,312.15468955651676,8895.652121153622,10.0,20.0,0.49821118768524086,25.108427914817103,31.01267082885296,23.898099827223852,0.0,3.12,0.05
68,476.28561707777817,130.9046619229913,909.1520555455936,1.4743017856665872,312.15468955651676,8895.652121153622,10.0,20.0,0.49821118768524086,25.108427914817103,33.50723817471328,23.17003677267989,0.0,3.3900000000000006,0.05
69,476.28561707777817,130.9046619229913,909.1520555455936,1.4743017856665872,312.15468955651676,8895.652121153622,10.0,20.0,0.49821118768524086,25.108427914817103,30.211288865684843,23.16313499020318,0.0,3.0850000000000004,0.05
70,476.28561707777817,130.9046619229913,909.1520555455936,1.4743017856665872,312.15468955651676,8895.652121153622,10.0,20.0,0.49821118768524086,25.108427914817103,154.10954826256497,25.16141230806557,0.125,3.84,0.05
71,476.28561707777817,130.9046619229913,909.1520555455936,1.4743017856665872,312.15468955651676,8895.652121153622,10.0,20.0,0.49821118768524086,25.108427914817103,34.636310359117964,24.190496166330206,0.0,3.4025,0.05
72,476.28561707777817,130.9046619229913,909.1520555455936,1.4743017856665872,312.15468955651676,8895.652121153622,10.0,20.0,0.49821118768524086,25.108427914817103,33.31068773411866,22.746690626750997,0.0,3.4475,0.05
73,476.28561707777817,130.9046619229913,909.1520555455936,1.4743017856665872,312.15468955651676,8895.652121153622,10.0,20.0,0.49821118768524086,25.108427914817103,34.67574769898408,24.25943919561108,0.0,3.4,0.05
74,476.28561707777817,130.9046619229913,909.1520555455936,1.4743017856665872,312.15468955651676,8895.652121153622,10.0,20.0,0.49821118768524086,25.108427914817103,152.06218219962605,23.725791765046647,0.125,3.74,0.05
75,476.28561707777817,130.9046619229913,909.1520555455936,1.4743017856665872,312.15468955651676,8895.652121153622,10.0,20.0,0.49821118768524086,25.108427914817103,149.99424583982537,23.706485689718757,0.125,3.525,0.025
76,468.7981170777781,138.39216192299128,921.6395555455937,1.4130517856665872,319.64218955651677,7814.9785580381285,10.0,20.0,0.48583618768524084,26.345927914817103,43.52570048279861,22.668877140982197,0.0,4.1625,0.025
77,468.7981170777781,138.39216192299128,921.6395555455937,1.4130517856665872,319.64218955651677,7814.9785580381285,10.0,20.0,0.48583618768524084,26.345927914817103,33.04253142470448,23.182408457760335,0.0,3.3525,0.025
78,468.7981170777781,138.39216192299128,921.6395555455937,1.4130517856665872,319.64218955651677,7814.9785580381285,10.0,20.0,0.48583618768524084,26.345927914817103,39.95104575205127,23.00176043125699,0.0,3.835,0.025
79,468.7981170777781,138.39216192299128,921.6395555455937,1.4130517856665872,319.64218955651677,7814.9785580381285,10.0,20.0,0.48583618768524084,26.345927914817103,155.6754679874902,22.97813831184431,0.125,4.0775,0.025
80,468.7981170777781,138.39216192299128,921.6395555455937,1.4130517856665872,319.64218955651677,7814.9785580381285,10.0,20.0,0.48583618768524084,26.345927914817103,39.131846645090796,23.470441745368564,0.0,3.825,0.025
81,468.7981170777781,138.39216192299128,921.6395555455937,1.4130517856665872,319.64218955651677,7814.9785580381285,10.0,20.0,0.48583618768524084,26.345927914817103,33.71996498031627,24.270145561940836,0.0,3.41,0.025
82,468.7981170777781,138.39216192299128,921.6395555455937,1.4130517856665872,319.64218955651677,7814.9785580381285,10.0,20.0,0.48583618768524084,26.345927914817103,38.18259802537857,24.705622700806614,0.0,3.7350000000000003,0.025
83,468.7981170777781,138.39216192299128,921.6395555455937,1.4130517856665872,319.64218955651677,7814.9785580381285,10.0,20.0,0.48583618768524084,26.345927914817103,156.1286022309027,21.8619390723173,0.125,4.235,0.025
84,468.7981170777781,138.39216192299128,921.6395555455937,1.4130517856665872,319.64218955651677,7814.9785580381285,10.0,20.0,0.48583618768524084,26.345927914817103,33.91811159111579,24.600063258467543,0.0,3.4425,0.025
85,468.7981170777781,138.39216192299128,921.6395555455937,1.4130517856665872,319.64218955651677,7814.9785580381285,10.0,20.0,0.48583618768524084,26.345927914817103,36.67558841954798,23.22906448648301,0.0,3.6675,0.0125
86,465.0543670777781,142.13591192299128,927.8833055455937,1.382426785666587,323.38593955651675,7324.918396533404,10.0,20.0,0.4796486876852408,26.964677914817106,40.80203742494798,21.876094617572825,0.0,4.012499999999999,0.0125
87,465.0543670777781,142.13591192299128,927.8833055455937,1.382426785666587,323.38593955651675,7324.918396533404,10.0,20.0,0.4796486876852408,26.964677914817106,41.59920782290261,23.637389203614603,0.0,4.125,0.0125
88,465.0543670777781,142.13591192299128,927.8833055455937,1.382426785666587,323.38593955651675,7324.918396533404,10.0,20.0,0.4796486876852408,26.964677914817106,152.5122817607946,23.059529068302567,0.125,3.9624999999999995,0.0125
89,465.0543670777781,142.13591192299128,927.8833055455937,1.382426785666587,323.38593955651675,7324.918396533404,10.0,20.0,0.4796486876852408,26.964677914817106,34.737361611481475,23.81351313241147,0.0,3.6375,0.0125
90,465.0543670777781,142.13591192299128,927.8833055455937,1.382426785666587,323.38593955651675,7324.918396533404,10.0,20.0,0.4796486876852408,26.964677914817106,36.92666226816863,25.220146205213318,0.0,3.765,0.0125
91,465.0543670777781,142.13591192299128,927.8833055455937,1.382426785666587,323.38593955651675,7324.918396533404,10.0,20.0,0.4796486876852408,26.964677914817106,24.966556961933794,22.37619285170835,0.0,2.7800000000000002,0.0125
92,465.0543670777781,142.13591192299128,927.8833055455937,1.382426785666587,323.38593955651675,7324.918396533404,10.0,20.0,0.4796486876852408,26.964677914817106,35.5830121712316,22.166149873431173,0.0,3.6224999999999996,0.0125
93,465.0543670777781,142.13591192299128,927.8833055455937,1.382426785666587,323.38593955651675,7324.918396533404,10.0,20.0,0.4796486876852408,26.964677914817106,39.66785018582861,24.916326635079262,0.0,3.9499999999999993,0.0125
94,465.0543670777781,142.13591192299128,927.8833055455937,1.382426785666587,323.38593955651675,7324.918396533404,10.0,20.0,0.4796486876852408,26.964677914817106,39.55942403663817,23.656688668456567,0.0,3.8799999999999994,0.0125
95,465.0543670777781,142.13591192299128,927.8833055455937,1.382426785666587,323.38593955651675,7324.918396533404,10.0,20.0,0.4796486876852408,26.964677914817106,36.97358540687459,22.783762353022123,0.0,3.6425,0.00625
96,379.0665662288666,529.7208207249641,287.8526633679867,1.9508542776107791,73.64264514297247,270.24433619468294,28.58790405941075,36.46947774205005,24.16408226614005,0.0,1.7449999999999999,0.8
97,600.0,1.0,760.5959052063861,3.311801785666587,87.52968955651674,316227.7660168379,10.0,212.0,0.8694611876852408,1.0,35.15185742824367,23.828447039608637,0.0,2.0475,0.8
98,600.0,1.0,801.8091957705361,3.311801785666587,87.52968955651674,108.81225003186732,10.0,20.0,0.8694611876852408,67.1834279148171,37.761841738884584,22.08280344668112,0.0,2.2725,0.8
99,600.0,1.0,1000.0,0.1,87.52968955651674,316227.7660168379,10.0,20.0,0.07746118768524082,1.0,39.82230444024113,26.920498880828784,0.0,7.2125,0.8
100,600.0,385.4796619229913,1000.0,3.311801785666587,87.52968955651674,316227.7660168379,10.0,20.0,0.8694611876852408,1.0,46.40800165764116,21.85051801889009,0.0,3.04,0.8
101,600.0,1.0,738.6865367427476,3.311801785666587,87.52968955651674,316227.7660168379,10.0,20.0,0.07746118768524082,1.0,28.8448246415806,22.070761225206407,0.0,1.51,0.8
102,600.0,385.4796619229913,534.5270555455936,3.311801785666587,87.52968955651674,7893.708566765046,10.0,20.0,0.8694611876852408,1.0,28.284694822870186,23.00716155138783,0.0,1.8524999999999998,0.8
103,600.0,1.0,1000.0,0.1,87.52968955651674,7520.41855467527,10.0,20.0,0.8694611876852408,67.1834279148171,37.17191980093584,26.739288473819776,0.0,7.2475000000000005,0.8
104,600.0,1.0,1000.0,3.311801785666587,87.52968955651674,6159.829661523587,10.0,212.0,0.07746118768524082,1.0,155.7153278002374,22.925162792747486,0.125,2.8075,0.8
105,600.0,1.0,1000.0,3.311801785666587,87.52968955651674,7173.309808549636,10.0,212.0,0.07746118768524082,1.0,37.38781048968869,23.40963400731228,0.0,2.4475,0.8
106,600.0,1.0,1000.0,3.311801785666587,87.52968955651674,6692.42834860413,10.0,212.0,0.07746118768524082,1.0,154.96042159194005,22.72464438049635,0.125,2.7,0.4
107,581.1106170777781,26.07966192299129,1000.0,2.3318017856665874,207.32968955651674,7332.033999592081,10.0,116.0,0.27546118768524086,7.783427914817103,38.918152918901015,23.63678041221181,0.0,3.09,0.4
108,581.1106170777781,26.07966192299129,1000.0,2.3318017856665874,207.32968955651674,7094.810122731461,10.0,116.0,0.27546118768524086,7.783427914817103,44.49155492766229,22.9597782951803,0.0,3.46,0.4
109,581.1106170777781,26.07966192299129,1000.0,2.3318017856665874,207.32968955651674,6933.095143174028,10.0,116.0,0.27546118768524086,7.783427914817103,155.38528299129715,23.09549417601363,0.125,3.3025,0.4
110,581.1106170777781,26.07966192299129,1000.0,2.3318017856665874,207.32968955651674,7199.451325659039,10.0,116.0,0.27546118768524086,7.783427914817103,174.44266017952012,28.18801610241951,0.125,4.4825,0.4
111,600.0,1.0,1000.0,3.311801785666588,87.52968955651674,7382.81396328515,10.0,212.0,0.07746118768524082,1.0,152.52358837060535,22.11201620509389,0.125,2.585,0.4
112,600.0,1.0,1000.0,3.311801785666588,87.52968955651674,7669.5281613429315,10.0,212.0,0.07746118768524082,1.0,30.70037718848456,24.69743271834395,0.0,2.035,0.4
113,600.0,1.0,1000.0,3.311801785666588,87.52968955651674,7237.350182215815,10.0,212.0,0.07746118768524082,1.0,36.75424249197482,28.536955181948244,0.0,2.375,0.4
114,600.0,1.0,1000.0,3.311801785666588,87.52968955651674,6992.226675143017,10.0,212.0,0.07746118768524082,1.0,28.793000999167763,23.596871996012045,0.0,1.9500000000000002,0.4
115,600.0,1.0,1000.0,3.311801785666588,87.52968955651674,6743.595874737945,10.0,212.0,0.07746118768524082,1.0,32.09281863303948,22.601814704367314,0.0,2.12,0.4
116,600.0,1.0,1000.0,3.311801785666588,87.52968955651674,6555.624813957438,10.0,212.0,0.07746118768524082,1.0,34.5876915244495,24.168001203030396,0.0,2.3200000000000003,0.4
117,600.0,1.0,1000.0,3.311801785666588,87.52968955651674,6380.50094365443,10.0,212.0,0.07746118768524082,1.0,37.18058515524021,23.98892041643343,0.0,2.4125,0.4
118,600.0,1.0,1000.0,3.311801785666588,87.52968955651674,6701.332563824267,10.0,20.0,0.07746118768524082,1.0,33.340057099412235,22.647261355212994,0.0,2.09,0.4
119,600.0,1.0,1000.0,1.3518017856665874,87.52968955651674,5823.165675553794,10.0,212.0,0.07746118768524082,1.0,42.60813994174259,28.850705281796678,0.0,4.1875,0.4
120,600.0,1.0,1000.0,3.311801785666588,327.1296895565168,5742.213834375659,10.0,212.0,0.2272508707823323,1.0,32.45532381101079,23.12841831992964,0.0,2.2625,0.2
121,600.0,1.0,1000.0,1.8418017856665874,147.42968955651673,6237.1479625727015,10.0,68.0,0.24185103668777688,1.0,37.62966166488576,24.362165981007937,0.0,3.315,0.2
122,600.0,1.0,1000.0,2.8218017856665876,147.42968955651673,6208.851291603033,10.0,68.0,0.37446118768524084,1.0,34.03512721295107,22.704524630643537,0.0,2.52,0.2
123,600.0,1.0,1000.0,1.8418017856665874,267.22968955651675,2554.4617254792406,10.0,164.00000000000003,0.17646118768524083,17.683427914817102,165.20260160889677,27.03776515716388,0.125,4.46,0.2
124,600.0,1.0,1000.0,1.8418017856665874,267.22968955651675,3059.6024244915043,10.0,164.00000000000003,0.17646118768524083,17.683427914817102,32.76388224948357,24.236843068916052,0.0,2.9675000000000002,0.2
125,600.0,1.0,1000.0,1.8418017856665874,267.22968955651675,2554.4617254792406,10.0,164.00000000000003,0.17646118768524083,17.683427914817102,164.81882328239877,25.695250750475157,0.125,4.4475,0.2
126,600.0,1.0,1000.0,1.8418017856665874,267.22968955651675,2554.4617254792406,10.0,164.00000000000003,0.17646118768524083,17.683427914817102,42.140600456381755,23.85394561012812,0.0,3.6225,0.2
127,600.0,1.0,1000.0,1.8418017856665874,267.22968955651675,2554.4617254792406,10.0,164.00000000000003,0.17646118768524083,17.683427914817102,35.666362906733625,23.635964360628154,0.0,3.2225,0.2
128,600.0,1.0,1000.0,1.8418017856665874,267.22968955651675,2554.4617254792406,10.0,164.00000000000003,0.17646118768524083,17.683427914817102,32.59484389296031,23.610514849022003,0.0,2.9524999999999997,0.2
129,600.0,1.0,1000.0,1.8418017856665874,267.22968955651675,2554.4617254792406,10.0,164.00000000000003,0.17646118768524083,17.683427914817102,32.54444253350518,23.56328818645673,0.0,2.965,0.2
130,600.0,1.0,1000.0,1.8418017856665874,267.22968955651675,2554.4617254792406,10.0,164.00000000000003,0.17646118768524083,17.683427914817102,33.311486118026316,23.553550164717638,0.0,3.0375,0.1
131,600.0,1.0,1000.0,2.0868017856665873,237.27968955651673,4288.440608874838,10.0,140.0,0.22596118768524084,12.733427914817103,37.356068365498714,22.55200207309072,0.0,3.0975,0.1
132,600.0,1.0,1000.0,2.0868017856665873,237.27968955651673,4288.440608874838,10.0,140.0,0.32496118768524085,12.733427914817103,31.99325739488619,23.508000493211007,0.0,2.7875,0.1
133,600.0,1.0,1000.0,2.0868017856665873,237.27968955651673,4288.440608874838,10.0,136.77288697370233,0.32496118768524085,12.733427914817103,30.297452336020402,23.359865953401666,0.0,2.6425,0.1
134,600.0,1.0,1000.0,2.0868017856665873,237.27968955651673,4288.440608874838,10.0,92.00000000000001,0.32496118768524085,12.733427914817103,34.562665577942454,24.193213849097525,0.0,2.87,0.1
135,600.0,56.02966192299129,1000.0,2.0868017856665873,237.27968955651673,4288.440608874838,10.0,92.00000000000001,0.32496118768524085,12.733427914817103,30.77077495426944,23.356496178223832,0.0,2.7175000000000002,0.1
136,600.0,56.02966192299129,1000.0,2.0868017856665873,237.27968955651673,4288.440608874838,10.0,92.00000000000001,0.32496118768524085,12.733427914817103,39.7097819504755,23.131921863942498,0.0,3.2874999999999996,0.1
137,600.0,56.02966192299129,1000.0,2.0868017856665873,237.27968955651673,4288.440608874838,10.0,92.00000000000001,0.32496118768524085,12.733427914817103,34.97255761146074,22.89139167005046,0.0,2.93,0.1
138,600.0,56.02966192299129,1000.0,2.0868017856665873,237.27968955651673,4288.440608874838,10.0,92.00000000000001,0.32496118768524085,12.733427914817103,33.88294731739657,23.46032043086803,0.0,2.8275000000000006,0.1
139,600.0,56.02966192299129,1000.0,2.0868017856665873,237.27968955651673,4690.754864225714,10.0,92.00000000000001,0.32496118768524085,12.733427914817103,39.56625618203329,23.468447807494442,0.0,3.2824999999999998,0.1
140,551.160617077778,56.02966192299129,1000.0,2.0868017856665873,237.27968955651673,12018.113215452298,10.0,92.00000000000001,0.32496118768524085,12.733427914817103,43.65088592443722,23.807871332155976,0.0,3.55,0.05
141,566.1356170777781,41.054661922991286,1000.0,2.2093017856665873,222.30468955651676,5752.790591577205,10.0,104.00000000000001,0.30021118768524085,10.258427914817101,40.63709865651791,24.10390547543396,0.0,3.3175,0.05
142,566.1356170777781,41.054661922991286,1000.0,2.2093017856665873,222.30468955651676,6983.740289720557,10.0,104.00000000000001,0.30021118768524085,10.258427914817101,36.04969740093911,24.228641119472165,0.0,3.0300000000000002,0.05
143,566.1356170777781,41.054661922991286,1000.0,2.2093017856665873,222.30468955651676,6800.711763963583,10.0,104.00000000000001,0.30021118768524085,10.258427914817101,40.0095408866013,22.424451678685013,0.0,3.2525,0.05
144,566.1356170777781,41.054661922991286,1000.0,2.2093017856665873,222.30468955651676,6707.579526592522,10.0,104.00000000000001,0.30021118768524085,10.258427914817101,30.5748497754183,22.475028395498803,0.0,2.6550000000000002,0.05
145,566.1356170777781,41.054661922991286,1000.0,2.2093017856665873,222.30468955651676,6968.237058755413,10.0,104.00000000000001,0.30021118768524085,10.258427914817101,28.984743557406702,22.475000495313125,0.0,2.5200000000000005,0.05
146,596.0856170777781,11.104661922991287,975.025,2.4543017856665874,192.35468955651675,5556.475450010913,10.0,128.0,0.30021118768524085,5.308427914817102,29.188928281549103,24.287196371346184,0.0,2.365,0.05
147,566.1356170777781,41.054661922991286,1000.0,2.2093017856665873,222.30468955651676,9328.233312077684,10.0,104.00000000000001,0.30021118768524085,10.258427914817101,36.9839420620773,24.20665569946311,0.0,3.105,0.05
148,596.0856170777781,11.104661922991287,975.025,2.4543017856665874,192.35468955651675,5556.475450010913,10.0,104.00000000000001,0.30021118768524085,5.308427914817102,162.1231243213748,22.678636737443252,0.125,3.7475000000000005,0.05
149,596.0856170777781,11.104661922991287,975.025,2.4543017856665874,192.35468955651675,5556.475450010913,10.0,128.0,0.30021118768524085,5.308427914817102,157.1919063324052,23.52187458916066,0.125,3.3175,0.05
150,596.0856170777781,11.104661922991287,975.025,2.4543017856665874,192.35468955651675,5556.475450010913,10.0,128.0,0.30021118768524085,5.308427914817102,36.5516544380805,23.481048858249927,0.0,2.79,0.025
151,588.598117077778,18.592161922991288,987.5125,2.3930517856665876,199.84218955651673,6324.83790658488,10.0,122.00000000000001,0.28783618768524083,6.545927914817103,35.85720012293787,21.855050615777145,0.0,2.76,0.025
152,588.598117077778,18.592161922991288,987.5125,2.3930517856665876,199.84218955651673,6324.83790658488,10.0,122.00000000000001,0.28783618768524083,6.545927914817103,162.45380971139969,23.687662800505354,0.125,3.7525000000000004,0.025
153,588.598117077778,18.592161922991288,987.5125,2.3930517856665876,199.84218955651673,6324.83790658488,10.0,122.00000000000001,0.28783618768524083,6.545927914817103,37.16766639489737,24.479987466855196,0.0,2.9400000000000004,0.025
154,588.598117077778,18.592161922991288,987.5125,2.3930517856665876,199.84218955651673,6324.83790658488,10.0,122.00000000000001,0.28783618768524083,6.545927914817103,154.4157874584154,24.086545370732836,0.125,3.2175000000000002,0.025
155,588.598117077778,18.592161922991288,987.5125,2.3930517856665876,199.84218955651673,6324.83790658488,10.0,122.00000000000001,0.28783618768524083,6.545927914817103,158.72304344623458,24.560612627359834,0.125,3.4725,0.025
156,588.598117077778,18.592161922991288,987.5125,2.3930517856665876,199.84218955651673,6324.83790658488,10.0,122.00000000000001,0.28783618768524083,6.545927914817103,35.13877707924355,23.37963499187435,0.0,2.8225,0.025
157,588.598117077778,18.592161922991288,987.5125,2.3930517856665876,199.84218955651673,6324.83790658488,10.0,122.00000000000001,0.28783618768524083,6.545927914817103,34.66935425563833,24.431996091339393,0.0,2.765,0.025
158,588.598117077778,18.592161922991288,987.5125,2.3930517856665876,199.84218955651673,6324.83790658488,10.0,122.00000000000001,0.28783618768524083,6.545927914817103,31.19720268194335,23.494430746721545,0.0,2.5650000000000004,0.025
159,588.598117077778,18.592161922991288,987.5125,2.3930517856665876,199.84218955651673,6324.83790658488,10.0,122.00000000000001,0.28783618768524083,6.545927914817103,36.56530248275004,22.934543773698316,0.0,2.8775,0.025
160,588.598117077778,18.592161922991288,987.5125,2.3930517856665876,199.84218955651673,6324.83790658488,10.0,122.00000000000001,0.28783618768524083,6.545927914817103,43.198529315522286,24.06441171129113,0.0,3.315,0.0125
161,584.8543670777781,22.335911922991286,993.75625,2.3624267856665875,203.58593955651676,6747.989526602795,10.0,119.00000000000001,0.2816486876852408,7.164677914817102,30.970132637356482,22.856306070427138,0.0,2.5275,0.0125
162,584.8543670777781,22.335911922991286,993.75625,2.3624267856665875,203.58593955651676,6747.989526602795,10.0,119.00000000000001,0.2816486876852408,7.164677914817102,37.80133226943488,24.210038577356418,0.0,2.95,0.0125
163,584.8543670777781,22.335911922991286,993.75625,2.3624267856665875,203.58593955651676,6747.989526602795,10.0,119.00000000000001,0.2816486876852408,7.164677914817102,43.102309113743516,25.087046921416277,0.0,3.31,0.0125
164,584.8543670777781,22.335911922991286,993.75625,2.3624267856665875,203.58593955651676,6747.989526602795,10.0,119.00000000000001,0.2816486876852408,7.164677914817102,162.79037688195922,24.681697544376515,0.125,3.7824999999999998,0.0125
165,584.8543670777781,22.335911922991286,993.75625,2.3624267856665875,203.58593955651676,6747.989526602795,10.0,119.00000000000001,0.2816486876852408,7.164677914817102,41.10339247933603,25.169273030831793,0.0,3.1625,0.0125
166,584.8543670777781,22.335911922991286,993.75625,2.3624267856665875,203.58593955651676,6747.989526602795,10.0,119.00000000000001,0.2816486876852408,7.164677914817102,31.72571780240194,23.263254097355276,0.0,2.57,0.0125
167,584.8543670777781,22.335911922991286,993.75625,2.3624267856665875,203.58593955651676,6747.989526602795,10.0,119.00000000000001,0.2816486876852408,7.164677914817102,35.54809982577207,23.80391232685543,0.0,2.8225000000000002,0.0125
168,584.8543670777781,22.335911922991286,993.75625,2.3624267856665875,203.58593955651676,6747.989526602795,10.0,119.00000000000001,0.2816486876852408,7.164677914817102,39.415833171281356,29.11812495909636,0.0,3.0349999999999997,0.0125
169,584.8543670777781,22.335911922991286,993.75625,2.3624267856665875,203.58593955651676,6747.989526602795,10.0,119.00000000000001,0.2816486876852408,7.164677914817102,31.20801340039386,24.068243342069877,0.0,2.5825,0.0125
170,584.8543670777781,22.335911922991286,993.75625,2.3624267856665875,203.58593955651676,6747.989526602795,10.0,119.00000000000001,0.2816486876852408,7.164677914817102,163.14432391512594,23.36275749947903,0.125,3.8099999999999996,0.00625
171,165.4631921350956,305.22603023052216,346.8027294576168,0.11505134934559465,258.62127405405045,3605.361202993516,5748.613602912538,286.86633624825924,43.483368839978375,0.25,8.7175,0.8
172,115.14916737537139,211.28601962144518,338.4273215723235,0.1,244.31714207281,13725.16365978918,14464.48979928879,20.0,0.01,100.0,34.11572924310142,28.945985987317805,0.0,6.17,0.8
173,116.457727679383,146.39887459743392,128.6547274653479,0.1,19.021274054050433,4364.217374504576,31622.776601683792,20.0,0.01,100.0,21.053664688139023,3.0747592910748005,0.0,2.5300000000000002,0.8
174,116.45630568606389,299.73368878345804,364.9405020669478,0.1,237.08369457381013,1532.8546632422585,4778.325303732743,35.737797173887806,0.2671697830817212,94.03897850076268,54.74196766978339,30.007251305926495,0.0,7.815,0.8
175,298.34154866038233,491.55721075770214,378.1644152364598,0.1,465.8663556510861,21036.43977160431,31622.776601683792,20.0,0.2705058149221042,100.0,102.07610972119865,72.87735629747412,0.0,8.635,0.8
176,298.5644896157122,495.58714891664135,380.53017092324336,0.1,472.5520996991619,22137.77731865975,31622.776601683792,20.0,0.27800622672581254,100.0,103.74712894954114,73.25427973125994,0.0,8.56,0.8
177,301.2917765515296,498.70891292727765,381.76315608147934,0.1,477.4390379879718,23217.24144981312,31622.776601683792,20.0,0.28429250712487353,100.0,104.81669694399238,76.77079024742076,0.0,8.35,0.8
178,305.1822035066317,500.32692661744665,382.64664208068325,0.1,479.60947139770735,23602.071573994832,31622.776601683792,20.0,0.29328694768541846,100.0,88.16602630184673,36.41349143783523,0.0,8.5775,0.8
179,284.72848822441745,484.07455014654767,380.49675784862893,0.1,460.3349985818599,19265.044645234317,31084.244907872704,20.0,0.26972751171254017,100.0,101.76999933045411,50.11902212308667,0.0,9.809999999999999,0.8
180,285.17494057601505,482.0743123644166,380.35353864296036,0.1,458.8457574372847,18953.43837728714,30881.590089357534,20.0,0.27241702668345785,100.0,114.22082278603365,104.57389374229885,0.0,9.355,0.8
181,294.5876088930013,485.9232587720916,381.29606951733825,0.1,464.2858108755614,19945.37259002198,31622.776601683792,20.0,0.2873724329492116,100.0,99.28337442819064,74.48355193165942,0.0,8.615,0.4
182,285.2631921350956,425.0260302305221,381.03879535214344,0.1,378.4212740540504,22626.095531111037,28811.317488358374,20.0,0.3027232740910005,100.0,98.26868403746636,43.49013521944226,0.0,8.905000000000001,0.4
183,285.2631921350956,425.0260302305221,380.16565386572046,0.1,378.4212740540504,20720.884576235116,28811.317488358374,20.0,0.2957416957360852,100.0,93.6047366083369,41.30088513252293,0.0,8.34,0.4
184,285.2631921350956,425.0260302305221,379.4569067787646,0.1,378.4212740540504,18768.0788765558,28811.317488358374,20.0,0.2814290357047032,100.0,107.12162121613935,77.40280866671466,0.0,9.3175,0.4
185,285.2631921350956,425.0260302305221,379.3857282141898,0.1,378.4212740540504,18761.2315758503,28811.317488358374,20.0,0.2898713742420757,100.0,100.54410949979778,74.87784152416918,0.0,8.532499999999999,0.4
186,285.2631921350956,425.0260302305221,378.66445036216396,0.1,378.4212740540504,17906.617412506115,28811.317488358374,20.0,0.2885314542026636,100.0,111.41227413020798,72.46049767512956,0.0,9.2525,0.4
187,285.2631921350956,425.0260302305221,378.63654142710243,0.1,378.4212740540504,17829.200472783195,28811.317488358374,20.0,0.301061741212721,100.0,107.64281275472919,73.16374290060416,0.0,8.465,0.4
188,285.2631921350956,425.0260302305221,378.17257888051864,0.1,378.4212740540504,17400.95411036085,28811.317488358374,20.0,0.3093416371468134,100.0,93.7168068353818,73.21117764553433,0.0,8.5125,0.4
189,285.2631921350956,425.0260302305221,377.5331084576081,0.1,378.4212740540504,16586.853038279474,28811.317488358374,20.0,0.2936721670414426,100.0,108.84424615225885,88.26353165372862,0.0,9.35,0.4
190,285.2631921350956,425.0260302305221,377.0372257744053,0.1,378.4212740540504,15941.41110940822,28811.317488358374,20.0,0.30084647168657663,100.0,88.75918805439727,71.03603454115002,0.0,8.48,0.4
191,285.2631921350956,425.0260302305221,376.68771444924806,0.1,378.4212740540504,15864.770449590906,28811.317488358374,20.0,0.2837342671341205,100.0,85.89533622534987,70.72409494318684,0.0,8.93,0.2
192,225.36319213509557,365.12603023052213,375.36995998795027,0.1,318.5212740540504,10161.288475559988,12869.542790301794,20.0,0.2568638393856534,94.20383676290511,196.51332755295468,35.633188899320295,0.125,9.377500000000001,0.2
193,225.36319213509557,361.27798683077316,383.82433282623623,0.1,318.5212740540504,10161.288475559988,5265.885913401691,20.0,0.30028472119569777,94.20383676290511,42.88726728884946,27.563393431958172,0.0,7.5024999999999995,0.2
194,225.36319213509557,365.12603023052213,370.0405143794248,0.1,318.5212740540504,10161.288475559988,12869.542790301794,20.0,0.16940560545172878,94.20383676290511,58.45996526228556,36.29736207082056,0.0,7.69,0.2
195,225.36319213509557,365.12603023052213,373.37336701835517,0.1,318.5212740540504,10161.288475559988,12869.542790301794,20.0,0.2962560996424941,94.20383676290511,56.13830081514498,36.660812596361936,0.0,7.255,0.2
196,225.36319213509557,365.12603023052213,373.85728027876905,0.1,318.5212740540504,10161.288475559988,12869.542790301794,20.0,0.21476581894735483,94.20383676290511,75.82922898646095,34.346509087997376,0.0,9.1225,0.2
197,225.36319213509557,365.12603023052213,373.51369046724557,0.1,318.5212740540504,10161.288475559988,12869.542790301794,20.0,0.24567134588261885,94.20383676290511,66.39691449998654,38.013157622039344,0.0,8.477500000000001,0.2
198,225.36319213509557,365.12603023052213,373.2302937383444,0.1,318.5212740540504,10161.288475559988,12869.542790301794,20.0,0.2504855384089203,94.20383676290511,86.31603624879642,37.963579477461465,0.0,9.1075,0.2
199,225.36319213509557,365.12603023052213,372.86622137613335,0.1,318.5212740540504,10161.288475559988,12869.542790301794,20.0,0.252030086730139,94.20383676290511,64.81163875976327,36.72843492371346,0.0,7.625,0.2
200,225.36319213509557,365.12603023052213,372.7558954843975,0.1,318.5212740540504,10161.288475559988,12869.542790301794,20.0,0.24900343580896758,94.20383676290511,57.481165088924044,35.02462433972489,0.0,7.385000000000001,0.2
201,225.36319213509557,365.12603023052213,372.7639250583326,0.1,318.5212740540504,10161.288475559988,12869.542790301794,20.0,0.25378393003795013,94.20383676290511,60.76834139979542,36.3507848719844,0.0,7.7524999999999995,0.2
202,225.36319213509557,365.12603023052213,372.59691175803863,0.1,318.5212740540504,10161.288475559988,12869.542790301794,20.0,0.25088441771794573,94.20383676290511,84.11700757311164,40.382234570926656,0.0,8.9675,0.1
203,195.41319213509558,335.1760302305222,370.8777002031067,0.1,288.57127405405043,6052.694874368704,8601.280645787232,41.09797215461731,0.21651111569160197,89.25383676290512,191.60528960855737,39.81979248471081,0.125,9.745000000000001,0.1
204,195.41319213509558,335.1760302305222,373.1956784850347,0.1,288.57127405405043,6052.694874368704,8601.280645787232,41.09797215461731,0.1517847211956978,89.25383676290512,429.6645040237225,72.44796405352633,0.375,10.717500000000001,0.1
205,181.74447179623297,322.81966202140507,375.95227190916734,0.1,278.8084007537324,5095.543281172273,8062.980928890987,45.603492300529894,0.11759880008446978,86.78229818819516,307.7498052687518,33.38744380231286,0.25,10.16,0.1
206,181.6695377349212,320.81227711281434,395.0091080009171,0.1,286.7257669542943,6606.958757764066,9954.345912681098,31.281261663729254,0.10228472119569779,86.6412881469731,80.95049409689011,35.95929485449116,0.0,9.4475,0.1
207,190.720980438969,328.29648824913676,344.87026879257434,0.1,273.1769152721935,4296.745004596332,6571.9306245869,65.09797215461731,0.1546918283065133,87.20947647431633,160.33531277448418,31.12660201717319,0.125,7.789999999999999,0.1
208,184.37157340462176,319.3969206566859,356.96090710129346,0.1,275.6423860504532,5009.447194395368,7197.753558298123,53.37999191600138,0.1671669872856674,86.91352241566359,408.46247254254035,34.83434482646996,0.375,9.3475,0.1
209,165.4631921350956,313.5334348989032,420.09445299363256,0.1,275.07516565687246,3755.472386537678,7686.284582005631,20.0,0.1650022146584701,86.84455697889594,533.6891407267597,33.09662074469548,0.5,10.149999999999999,0.1
210,135.5131921350956,283.5834348989032,470.04445299363255,0.1,273.90218803294647,3311.7802970328844,8261.98130495626,20.0,0.2068939525810304,86.35430137094161,79.76311567130544,46.46893411483343,0.0,10.399999999999999,0.1
211,195.41319213509558,343.4834348989032,370.14445299363257,0.1,280.6405166103487,6304.702132467776,7375.295552814472,20.0,0.11550221465847008,86.56356402232065,422.75191403173187,43.72193471092015,0.375,11.315000000000001,0.1
212,195.41319213509558,343.4834348989032,370.14445299363257,0.1,287.82239194034713,6304.702132467776,7060.693283599694,20.0,0.11550221465847008,86.38644206088136,522.5774898076381,32.16960739026472,0.5,10.585,0.1
213,195.41319213509558,343.4834348989032,370.14445299363257,0.10608028395682403,302.84583824017994,6304.702132467776,7144.963833589598,20.0,0.14519519179820414,89.10688142331504,157.43475675687867,30.00706496557528,0.125,7.155,0.1
214,195.41319213509558,343.4834348989032,370.14445299363257,0.1,305.02516565687245,6304.702132467776,8625.537723938516,20.0,0.11550221465847008,85.51380394395675,425.8606754347434,47.36648841357846,0.375,10.5575,0.1
215,195.41319213509558,343.4834348989032,370.14445299363257,0.1,305.02516565687245,6304.702132467776,11500.49305448573,20.0,0.11550221465847008,85.08848728291535,63.77907756230575,35.90451536480951,0.0,7.695,0.1
216,135.5131921350956,307.1679852006582,394.5912210962795,0.1,245.12516565687247,2236.992731729041,7473.131630124387,20.0,0.11550221465847008,86.68828410141288,294.35963567704675,36.120026849324915,0.25,8.542499999999999,0.1
217,195.41319213509558,343.4834348989032,383.70512806448113,0.1,305.02516565687245,6304.702132467776,7285.678819869503,20.0,0.18331554666999506,82.29684643742456,48.64840993653615,29.94763166545193,0.0,7.52,0.1
218,179.63040213247848,336.47729009153903,425.15152074574337,0.1,260.15350714858914,4857.178736358742,8043.5192688882025,20.0,0.13345604867702365,89.65554142631557,207.27074096074787,47.318138585614896,0.125,10.86,0.1
219,195.41319213509558,343.4834348989032,370.14445299363257,0.1,305.02516565687245,6304.702132467776,7832.919457117706,20.0,0.14319772211960943,85.72535893961268,400.215398557245,29.75224870167255,0.375,8.9175,0.05
220,180.43819213509562,328.02820481930206,395.11945299363254,0.1,290.0501656568725,4865.9156141293615,7983.2852691415055,20.0,0.1402522146584701,86.90064641384586,198.13634676661584,51.2604091273662,0.125,10.3625,0.05
221,180.43819213509562,328.5084348989032,395.11945299363254,0.1,278.85886478538106,4865.9156141293615,8484.43015142729,27.22054130948714,0.17024244959771595,87.9317684767049,308.6967395545773,47.561326270533186,0.25,10.285,0.05
222,180.43819213509562,328.5084348989032,395.11945299363254,0.1032943553267118,290.0501656568725,4865.9156141293615,7063.267503668479,20.0,0.1402522146584701,85.7336725574056,183.09476279004775,34.22234267972303,0.125,9.805,0.05
223,180.43819213509562,320.0627143224912,395.11945299363254,0.1,282.9226574388621,4865.9156141293615,8018.498584195827,32.0,0.16580626252992903,87.292556439226,185.58791456787435,34.76188908778542,0.125,9.15,0.05
224,180.43819213509562,328.5084348989032,395.11945299363254,0.1,290.0501656568725,4865.9156141293615,7430.167608655135,20.0,0.1402522146584701,86.31191102219161,180.8924297236672,34.26755020533914,0.125,8.755,0.05
225,180.43819213509562,328.21763231099936,395.11945299363254,0.1,270.60254896510776,4739.033943123684,7911.842790456494,32.0,0.16681182091439586,87.77190258991321,197.32899536039935,51.6474651043014,0.125,10.059999999999999,0.05
226,180.43819213509562,326.4274442572822,395.11945299363254,0.1,290.0501656568725,4865.9156141293615,8156.131983739502,32.0,0.16172389988245012,87.2699970848705,540.3894301485632,49.267664275648436,0.5,11.2525,0.05
227,195.4131921350956,339.0657736911161,370.1444529936325,0.1,305.02516565687245,6304.702132467776,8609.448538342478,44.0,0.15756381897741237,87.0608797122717,529.9083886215847,39.83525489106119,0.5,10.71,0.05
228,195.4131921350956,341.40244425728224,370.1444529936325,0.1,305.02516565687245,6304.702132467776,8285.142318931441,44.0,0.13697389988245012,86.5318665990325,289.58400648693544,45.87930994238515,0.25,8.935,0.05
229,195.4131921350956,341.40244425728224,370.1444529936325,0.22250000000000003,305.02516565687245,6304.702132467776,9976.638706420998,44.0,0.158097453375562,85.94407626352415,69.80720348981541,38.38870398296981,0.0,7.07,0.05
230,165.4631921350956,311.4524442572822,370.1444529936325,0.1,275.07516565687246,3755.472386537678,8031.182392480219,20.0,0.13697389988245012,89.74499708487049,184.41643668158753,32.95537636859767,0.125,9.17,0.05
231,195.4131921350956,341.40244425728224,370.1444529936325,0.1,305.02516565687245,6304.702132467776,7836.569582750617,44.0,0.13697389988245012,86.64831230173773,283.3417885438206,30.530197215957887,0.25,8.29,0.05
232,195.4131921350956,341.40244425728224,370.1444529936325,0.1,305.02516565687245,6304.702132467776,8230.899298203507,44.0,0.15995257937734253,87.2015986830251,184.40065043080787,44.787044517492255,0.125,9.385,0.05
233,182.709453029564,313.3474385974643,386.9339260762594,0.1,305.02516565687245,5037.85458090998,8185.853362048933,30.158263386686958,0.16055888107565283,87.42818618823944,413.5900034140329,38.82255701027187,0.375,9.372499999999999,0.05
234,180.58649193450069,311.4524442572822,387.94844890807184,0.1,305.02516565687245,4744.520401829141,8209.319060649743,23.855727092605424,0.16029435851157306,87.46219109776698,90.98798028647465,50.509621101468085,0.0,9.825,0.05
235,165.4631921350956,341.40244425728224,420.09445299363256,0.22250000000000003,305.02516565687245,6304.702132467776,6667.825797216087,44.0,0.1864738998824501,89.08934979654744,36.00898116372651,27.749335818945458,0.0,5.5775,0.05
236,195.4131921350956,341.40244425728224,370.1444529936325,0.1,304.52890395672733,6304.702132467776,7717.203032184281,44.0,0.13697389988245012,86.33083049858925,528.4318445345837,38.11340283503316,0.5,10.129999999999999,0.025
237,187.92569213509563,333.91494425728223,382.6319529936325,0.1,297.3772963410819,5538.785837059382,8155.915675889879,38.0,0.15672591858521714,86.0324970848705,422.1299727190475,45.40747997934332,0.375,10.2925,0.025
238,187.92569213509563,333.91494425728223,382.6319529936325,0.1,297.5376656568725,5538.785837059382,7702.060198411652,38.0,0.1493488998824501,86.10299439464903,287.04813131658,31.99792674988351,0.25,8.592500000000001,0.025
239,187.92569213509563,333.91494425728223,382.6319529936325,0.1,297.5376656568725,5538.785837059382,7957.865662018218,38.0,0.1493488998824501,88.5074970848705,414.22130329968616,47.25081918761536,0.375,9.7475,0.025
240,187.92569213509563,333.91494425728223,382.6319529936325,0.1,297.5376656568725,5538.785837059382,7970.438094574025,38.0,0.1493488998824501,88.5074970848705,54.94070642840988,31.595425639597273,0.0,7.4975,0.025
241,187.92569213509563,333.91494425728223,382.6319529936325,0.1,286.8228769747601,5538.785837059382,7924.070282278324,38.0,0.1493488998824501,88.5074970848705,308.5113670707434,34.22592112895855,0.25,10.3025,0.025
242,187.92569213509563,333.91494425728223,382.6319529936325,0.1,286.60674378919407,5538.785837059382,7924.663539992133,38.0,0.1493488998824501,88.5074970848705,303.83090002455776,34.55556736282168,0.25,9.6175,0.025
243,187.92569213509563,333.91494425728223,382.6319529936325,0.1,286.2211378018534,5538.785837059382,7924.867643958583,38.0,0.1493488998824501,88.5074970848705,172.2607388923155,31.565731455650905,0.125,8.649999999999999,0.025
244,187.92569213509563,333.91494425728223,382.6319529936325,0.1,297.5376656568725,5538.785837059382,7686.408484385367,38.0,0.1493488998824501,86.05621725567583,402.4717025506477,33.89059866663306,0.375,8.6075,0.025
245,187.92569213509563,333.91494425728223,382.6319529936325,0.1,297.5376656568725,5538.785837059382,7670.207227978385,38.0,0.1493488998824501,86.0324970848705,416.18131930624014,44.92803955218025,0.375,9.850000000000001,0.025
246,187.92569213509563,333.91494425728223,382.6319529936325,0.1,297.5376656568725,5538.785837059382,7656.305138735475,38.0,0.1493488998824501,86.0324970848705,416.19570565866775,47.37797598639782,0.375,10.072500000000002,0.0125
247,184.1819421350956,330.1711942572822,388.87570299363256,0.1,293.79391565687246,5191.460727759177,7755.490049698299,35.0,0.1555363998824501,86.65124708487049,286.17749937926544,34.536071519781345,0.25,8.7025,0.0125
248,184.1819421350956,330.1711942572822,388.87570299363256,0.1,293.79391565687246,5191.460727759177,7757.920645996578,35.0,0.1555363998824501,86.65124708487049,528.4490434866209,48.53625773037789,0.5,10.3125,0.0125
249,184.1819421350956,330.1711942572822,388.87570299363256,0.1,293.79391565687246,5191.460727759177,7755.490049698299,35.0,0.1555363998824501,86.65124708487049,302.7409819782211,45.9785293098346,0.25,9.82,0.0125
250,184.1819421350956,330.1711942572822,388.87570299363256,0.1,293.79391565687246,5191.460727759177,7755.490049698299,35.0,0.1555363998824501,86.65124708487049,527.0549203958963,33.1463060032804,0.5,10.335,0.0125
251,184.1819421350956,330.1711942572822,388.87570299363256,0.1,293.79391565687246,5191.460727759177,7755.490049698299,35.0,0.1555363998824501,86.65124708487049,411.13969939958184,34.659099540684906,0.375,9.7525,0.0125
252,184.1819421350956,330.1711942572822,388.87570299363256,0.1,293.79391565687246,5191.460727759177,7755.490049698299,35.0,0.1555363998824501,86.65124708487049,400.51252760187214,31.56907909647199,0.375,8.93,0.0125
253,184.1819421350956,330.1711942572822,388.87570299363256,0.1,293.79391565687246,5191.460727759177,7832.500756694359,35.0,0.1555363998824501,87.88874708487049,534.612712418114,38.3204133243522,0.5,10.46,0.0125
254,184.1819421350956,330.1711942572822,388.87570299363256,0.1,293.79391565687246,5191.460727759177,7755.490049698299,35.0,0.1555363998824501,86.65124708487049,187.77420731955831,34.662548915962,0.125,9.2275,0.0125
255,184.1819421350956,330.1711942572822,388.87570299363256,0.1,293.79391565687246,5191.460727759177,7839.3825908266235,35.0,0.1555363998824501,87.88874708487049,300.1337675658352,38.78100571717094,0.25,9.774999999999999,0.0125
256,184.1819421350956,330.1711942572822,388.87570299363256,0.1,293.79391565687246,5191.460727759177,7838.680868284979,35.0,0.1555363998824501,87.88874708487049,182.44101384757045,36.56161063860935,0.125,9.6825,0.00625
257,411.05668890476227,274.85304749011993,317.9289822280407,1.8772908240556718,11.564114172011614,132077.29977400138,4528.116116122221,39.00917720956169,24.018727753853263,0.0,2.11,0.8
258,420.03819213509564,566.0274442572822,1.0,0.1,529.6501656568724,22142.65958688336,7869.6964321538235,182.12599615530291,0.01,100.0,19.909963204833048,1.5625589212430904,0.0,2.5625,0.8
259,420.03819213509564,566.0274442572822,1.0,0.1,529.6501656568724,307018.51943557727,840.0745551631136,20.0,0.01,86.19498509866648,30.382529789535234,23.890157399546702,0.0,2.7199999999999998,0.8
260,420.03819213509564,566.0274442572822,1.0,2.06,529.6501656568724,307018.51943557727,7697.3461998737375,224.00000000000003,0.01,85.95360803297147,15.051960238889624,-38.17991984511454,0.0,1.6525,0.8
261,248.5962819744106,86.82744425728222,1.0,0.1,50.450165656872464,77.11956531923866,8043.0817754742,224.00000000000003,0.01,47.66999708487049,31.974506531846153,1.2264732169568273,0.0,2.715,0.8
262,212.47181124001554,86.82744425728222,649.1085031323336,0.1,154.1229897211238,177288.74987441167,14480.993730611322,20.0,0.01,86.31737299738232,167.59066003468615,29.348890406185216,0.125,12.497499999999999,0.8
263,189.8470808666441,333.42665481706,794.7194529936326,0.1,301.46389083561564,1960.2414366486619,16478.7836828931,20.0,0.01,86.1785116313227,94.42959195745769,32.863179570377625,0.0,8.9375,0.8
264,420.03819213509564,566.0274442572822,280.24120197613024,0.1,50.450165656872464,307018.51943557727,7791.803151830209,20.0,0.01,85.6882464421923,162.0850222320058,26.40112001924848,0.125,8.107500000000002,0.8
265,31.28973392869822,151.08055204769465,359.53067282584726,0.1,529.6501656568724,1458.3156362985071,5621.248359126346,20.0,0.01,86.32706255283077,85.8317072363357,32.73227236164045,0.0,10.142500000000002,0.8
266,272.00131468387787,86.82744425728222,794.7194529936326,0.1,50.450165656872464,77.11956531923866,7875.368653437903,20.0,0.01,86.17292832654508,5.361131082541396,4.078908495508745,0.0,1.5875000000000001,0.8
267,235.42765409899562,566.0274442572822,366.80079369963397,0.1,352.80413174759383,307018.51943557727,1815.467709298353,20.0,0.01,86.38866668976812,159.22157737973458,27.513161828757674,0.125,9.355,0.4
268,60.6381921350956,206.62744425728224,313.20873165359166,1.08,409.8501656568725,612.5824818273476,7742.7418175691755,128.0,0.3597238998824501,85.488687093106,90.9134026767244,52.6043310181025,0.0,6.25,0.4
269,239.7140635949005,206.62744425728224,195.31945299363255,0.1,170.25016565687247,612.5824818273476,7837.174735562134,20.0,0.01,85.96084225193512,35.10681077142047,9.669279839358616,0.0,4.1850000000000005,0.4
270,60.6381921350956,422.0280296754123,594.9194529936326,0.1,170.25016565687247,612.5824818273476,8009.09747640334,20.0,0.01,86.25628484596486,12.98101538416133,4.385963934943723,0.0,3.3125,0.4
271,300.23819213509563,206.62744425728224,375.56983863262053,1.08,409.8501656568725,612.5824818273476,7714.444077865925,128.0,0.01,86.06071552546385,89.98560300490658,12.604984624320021,0.0,5.01,0.4
272,60.6381921350956,206.62744425728224,335.75876411268547,0.1,409.8501656568725,38388.32444740225,7649.648714402441,128.0,0.3597238998824501,85.97909048963973,47.256655831806995,26.75465914600456,0.0,9.2325,0.4
273,300.23819213509563,344.9874582715518,195.31945299363255,0.1,409.8501656568725,38651.34160088701,7857.845455691798,128.0,0.01,86.11072187975358,159.57969482784347,25.839000310047034,0.125,7.254999999999999,0.4
274,196.9705086066352,446.22744425728223,347.20163754244896,0.1,170.25016565687247,38651.34160088701,7737.031556562266,20.0,0.01,85.98780521306061,38.233552285218224,27.274327894343234,0.0,7.3075,0.4
275,300.23819213509563,446.22744425728223,195.31945299363255,0.1,170.25016565687247,5204.092286328256,1627.3622783067808,20.543493673539366,0.3597238998824501,86.2138446558401,46.855771474236576,31.065002175194053,0.0,6.65,0.4
276,217.79524467816975,446.22744425728223,330.68621578142614,0.1,409.8501656568725,38651.34160088701,1949.8882210285337,20.0,0.14851306823612995,86.26358670486673,33.54835845474574,26.043693312929328,0.0,6.9275,0.4
277,300.23819213509563,446.22744425728223,195.31945299363255,0.1,409.8501656568725,38651.34160088701,7738.17574379612,128.0,0.129832217005071,85.75126047016099,281.0352070279053,27.12817747388813,0.25,7.605,0.2
278,240.3381921350956,386.3274442572822,295.21945299363256,0.1,230.15016565687245,13714.013511835377,7735.8995665605935,20.0,0.1324901249353875,85.92079952167539,268.80255809926916,27.607737115958848,0.25,7.265000000000001,0.2
279,240.3381921350956,283.6959959879821,353.0832076474857,0.1,349.9501656568725,13714.013511835377,7733.653120140953,20.0,0.13420551707230088,86.02052806494828,43.5946178433292,29.15559468943495,0.0,8.1425,0.2
280,120.53819213509561,386.3274442572822,295.21945299363256,0.1,230.15016565687245,3802.6572625202666,7878.039629596041,80.0,0.06272389988245008,85.47194976928574,68.46376961953794,35.33005184163644,0.0,8.015,0.2
281,240.3381921350956,386.3274442572822,295.21945299363256,0.5900000000000001,289.7672372664633,13714.013511835377,7943.682082115266,20.0,0.2607238998824501,85.63855146064054,37.352288992186814,24.580963562929632,0.0,3.3150000000000004,0.2
282,120.53819213509561,266.52744425728224,295.21945299363256,0.1,230.15016565687245,1726.4920107738146,18259.30508095095,20.0,0.14396521184030972,97.16999708487049,62.16235337364772,13.232091454360491,0.0,6.327500000000001,0.2
283,120.53819213509561,386.3274442572822,495.0194529936325,0.1,230.15016565687245,1726.4920107738146,7742.721938804152,80.0,0.14454371522435897,86.27145233943186,61.033170199808396,45.10070814393857,0.0,8.14,0.2
284,240.3381921350956,386.3274442572822,295.21945299363256,0.1,290.08629764227703,13714.013511835377,7714.77538880511,80.0,0.06272389988245008,84.66108128942787,33.83387927628734,26.592124245400566,0.0,6.3225,0.2
285,240.3381921350956,336.44654305271507,295.21945299363256,0.1,230.15016565687245,13714.013511835377,7862.17649192677,20.0,0.06272389988245008,85.94571579537843,176.46182488329504,28.023668575298537,0.125,9.885,0.2
286,240.3381921350956,386.3274442572822,375.4230464059452,0.1,230.15016565687245,4332.7778041762795,7723.697202034226,20.0,0.06784648651719526,86.06422147420668,86.92046983735031,44.39922755607523,0.0,10.0825,0.2
287,156.32999512305955,335.8761469272526,295.21945299363256,0.1,349.9501656568725,1726.4920107738146,7850.231739546528,20.0,0.15459454105305037,86.1060497723223,162.3031940826427,32.17304351230003,0.125,6.7524999999999995,0.1
288,150.48819213509563,356.37744425728226,360.4346097232964,0.1,277.82535188549497,8168.918684845688,7857.302570355754,20.0,0.147041689593813,85.97133463692684,300.42767897594234,49.31322276158835,0.25,10.625,0.1
289,150.48819213509563,296.47744425728223,430.0927712267531,0.1,260.1001656568725,2898.4417249435764,7954.157469806283,56.00000000000001,0.21122389988245013,85.51992631000324,185.01875133908808,41.46911261417644,0.125,9.12,0.1
290,210.3881921350956,356.37744425728226,369.21119014337313,0.1,289.8007387698989,2898.4417249435764,7747.752842683435,56.00000000000001,0.11222389988245009,86.05158106274827,68.11320244429737,30.24126255624907,0.0,8.3675,0.1
291,150.48819213509563,356.37744425728226,345.16945299363255,0.1,260.1001656568725,5201.198659806667,12203.495489883273,20.0,0.1430681431639354,92.2199970848705,50.037022710117434,36.465219462430106,0.0,6.6775,0.1
292,150.48819213509563,334.2859197265701,445.0694529936325,0.1,320.00016565687247,6695.7033464209435,7820.967727030843,20.0,0.1733295178475066,86.27770950977198,528.5975508575505,32.34019229837942,0.5,10.555,0.1
293,150.48819213509563,331.7909710653772,445.0694529936325,0.1,296.17318888689726,8168.918684845688,7887.164212504004,20.0,0.21122389988245013,86.12957720595692,166.0254074739687,29.837616132943104,0.125,9.09,0.1
294,210.3881921350956,333.26847144658194,429.9531421694254,0.1,320.00016565687247,8168.918684845688,7847.968029380516,20.0,0.11222389988245009,86.27040336504342,286.17593599406973,33.01143667678889,0.25,9.657499999999999,0.1
295,150.48819213509563,337.50227898428227,445.0694529936325,0.1,260.1001656568725,8168.918684845688,7853.053968569467,20.0,0.14471231250381303,86.26012307145383,281.2132444947494,30.79547904834547,0.25,9.42,0.1
296,150.48819213509563,332.91333566860476,398.37742621689455,0.1,320.00016565687247,8168.918684845688,7821.967240046837,20.0,0.11222389988245009,86.3117084679853,512.6218944948325,29.396291902914246,0.5,9.745000000000001,0.1
297,150.48819213509563,336.1925138756539,433.0132270765426,0.1,320.00016565687247,8168.918684845688,7833.8862116084465,20.0,0.13662027571568341,86.28380790165838,407.5484513567098,31.205058207679752,0.375,10.372499999999999,0.05
298,165.4631921350956,334.12958534323064,398.577753252026,0.1,305.02516565687245,6304.702132467776,7789.243330927739,20.0,0.13697389988245012,86.30613354770765,524.7241057080726,48.24269610373801,0.5,10.4375,0.05
299,165.4631921350956,334.1877444753759,386.986490516398,0.1,305.02516565687245,6304.702132467776,7779.017614338894,20.0,0.13697389988245012,86.26437790019571,416.273405671136,32.51694595007205,0.375,9.985,0.05
300,165.4631921350956,333.3016921037785,403.70431751774385,0.1,305.02516565687245,6304.702132467776,7831.3566391143895,20.0,0.13697389988245012,86.18563113330447,521.2596162916161,33.24858182150372,0.5,9.8925,0.05
301,165.4631921350956,333.38108640461246,404.226665494187,0.1,305.02516565687245,6304.702132467776,7846.633207770388,20.0,0.13697389988245012,86.12067468743183,402.0052501765804,31.242211273455112,0.375,9.36,0.05
302,165.4631921350956,332.41591740408336,420.09445299363256,0.1,305.02516565687245,6304.702132467776,7812.390615048344,20.0,0.13697389988245012,86.1881605655382,395.3255612007094,29.116783957718432,0.375,8.475,0.05
303,165.4631921350956,333.37564142454477,405.12952877591783,0.1,305.02516565687245,6304.702132467776,7850.339476020731,20.0,0.13697389988245012,86.10590627881048,295.8692377354461,30.515312475310342,0.25,10.25,0.05
304,165.4631921350956,333.2854855515529,405.77526258679023,0.1,305.02516565687245,6304.702132467776,7836.19298079595,20.0,0.13697389988245012,86.14900502899367,406.50291778961855,30.519034786703788,0.375,9.545,0.05
305,165.4631921350956,333.2947630437939,405.9616622464231,0.1,305.02516565687245,6304.702132467776,7839.057744357999,20.0,0.13697389988245012,86.13826595267912,767.9181514054878,99.67661620424957,0.75,11.9875,0.05
306,150.4881921350956,333.4346961527773,407.2097061923641,0.1,320.00016565687247,8168.918684845688,7870.141339652174,20.0,0.1122238998824501,86.01153766114517,293.9285908695184,31.798455577768067,0.25,10.875,0.05
307,150.4881921350956,333.73386816882953,429.9561592770456,0.1,320.00016565687247,6252.784743078937,7788.744965344718,20.0,0.1122238998824501,86.12572320506328,307.09226717466595,44.53373657578181,0.25,10.467500000000001,0.05
308,150.4881921350956,334.46631955216884,430.9366622464231,0.1,320.00016565687247,8168.918684845688,7835.961705247349,20.0,0.13951248459389484,86.05895923930352,289.2828986225104,29.394539396214384,0.25,9.86,0.05
309,176.02161898114105,348.26976304379394,380.98666224642307,0.1,320.00016565687247,7916.792976872627,7681.742743021709,20.0,0.1122238998824501,86.0843560578888,283.5702268420323,29.232348730031678,0.25,8.8725,0.05
310,150.4881921350956,318.3197630437939,380.98666224642307,0.1,320.00016565687247,6416.614090688732,7637.457523344949,20.0,0.14629335280356848,86.22312106202159,291.47939485481527,44.69851736692839,0.25,9.5,0.05
311,150.4881921350956,333.18431563494073,402.33956445150676,0.1,320.00016565687247,8168.918684845688,7873.641079650315,20.0,0.1122238998824501,86.11360544954175,396.148416671346,30.686435726744694,0.375,9.1275,0.05
312,150.4881921350956,331.83189316797757,430.9366622464231,0.1,290.0501656568724,8168.918684845688,7834.258879763677,20.0,0.15135695831487175,86.1609581521507,272.52994254600105,27.876411694105467,0.25,8.03,0.05
313,150.4881921350956,331.389890041639,430.9366622464231,0.1,320.00016565687247,8168.918684845688,7901.309135019516,20.0,0.1122238998824501,83.66326595267913,171.25978785315553,30.671706535247974,0.125,9.3825,0.05
314,150.4881921350956,334.4450034118999,380.98666224642307,0.1,320.00016565687247,5883.85036811294,7813.736600257986,20.0,0.1122238998824501,86.30905747375537,399.283583834176,35.078887094140036,0.375,9.305,0.05
315,150.4881921350956,332.3377655234319,430.9366622464231,0.1,290.0501656568724,8168.918684845688,7791.566236354755,20.0,0.16172389988245012,86.40578550603301,280.6028338503764,28.918319439124716,0.25,8.915,0.025
316,157.97569213509558,333.99321406917034,393.4741622464231,0.1,312.51266565687246,7176.531129473516,7852.208237346606,20.0,0.1245988998824501,86.27839555734089,283.4444947682433,29.877307468350995,0.25,8.9175,0.025
317,157.97569213509558,332.1516371785961,418.4491622464231,0.1,297.53766565687243,5538.785837059388,7787.040317528418,20.0,0.14934889988245012,86.40662139431917,418.52477804955754,44.1692206571633,0.375,10.3425,0.025
318,157.97569213509558,334.45181787629474,393.4741622464231,0.1,312.51266565687246,5617.237347932384,7819.6028807330495,20.0,0.1245988998824501,86.26910325488646,284.5748754792512,0.6249181846110863,0.25,7.98,0.025
319,157.97569213509558,332.02697054717305,418.4491622464231,0.1,297.53766565687243,5538.785837059388,7782.970657392988,20.0,0.14934889988245012,86.40727430910194,650.7520772008804,48.16460111387638,0.625,11.3125,0.025
320,157.97569213509558,325.8072630437939,418.4491622464231,0.1,312.51266565687246,6303.316526124162,7711.731078051288,20.0,0.14934889988245012,86.25510807219618,525.8718600246808,32.52831689764825,0.5,10.7325,0.025
321,157.97569213509558,331.1881991189685,418.4491622464231,0.1,297.53766565687243,5538.785837059388,7738.719581070459,20.0,0.14934889988245012,86.35389641592944,407.02330373312736,29.7838377291177,0.375,9.4975,0.025
322,157.97569213509558,332.8578599134186,418.4491622464231,0.1,312.51266565687246,5538.785837059388,7770.9346865707585,20.0,0.1245988998824501,86.20466789187638,191.53555171083363,44.80587673957914,0.125,10.4725,0.025
323,157.97569213509558,332.70065447278597,418.4491622464231,0.1,312.51266565687246,5697.101537012376,7769.52206114089,20.0,0.1245988998824501,86.27549483321572,405.46414757314864,38.04827756916174,0.375,9.825,0.025
324,157.97569213509558,331.11627514372736,418.4491622464231,0.1,297.53766565687243,5538.785837059388,7741.111593378925,20.0,0.14934889988245012,86.36883955897063,303.60442602811105,33.350456396424235,0.25,10.05,0.025
325,157.97569213509558,331.1472014798069,418.4491622464231,0.1,297.53766565687243,5538.785837059388,7747.1587303744445,20.0,0.14934889988245012,86.37171465015388,754.8288075712146,33.8685782392043,0.75,11.095,0.0125
326,161.71944213509562,330.7176702553489,412.20541224642307,0.1,301.28141565687247,6726.506605639587,7777.195944110084,20.0,0.1307863998824501,86.28017451877184,406.99154811305505,31.72270511644075,0.375,10.0125,0.0125
327,161.71944213509562,329.55101304379394,412.20541224642307,0.1,308.7689156568724,6306.07759382086,7680.699722654221,20.0,0.1431613998824501,86.2555922298005,169.569941092234,32.391207948965004,0.125,8.7275,0.0125
328,161.71944213509562,332.0157536276236,412.20541224642307,0.1,301.28141565687247,6726.506605639587,7801.528151311231,20.0,0.1431613998824501,86.30294849087991,287.5324090336612,32.468548590020106,0.25,9.592500000000001,0.0125
329,161.71944213509562,331.50209315777124,412.20541224642307,0.1,301.28141565687247,6726.506605639587,7821.504079378248,20.0,0.1307863998824501,86.3227702679912,283.76071161261484,29.058609610914242,0.25,9.02,0.0125
330,161.71944213509562,331.2195433788427,412.20541224642307,0.1,301.28141565687247,5909.348092487925,7744.098680787959,20.0,0.1431613998824501,86.37316694742105,181.98387334661697,33.04621220710342,0.125,9.52,0.0125
331,161.71944213509562,331.3156926571236,412.20541224642307,0.1,301.28141565687247,5909.348092487925,7758.047633878213,20.0,0.1431613998824501,86.37878640703785,406.60927968332624,44.39132064130312,0.375,9.282499999999999,0.0125
332,161.71944213509562,331.2686457582624,412.20541224642307,0.1,301.28141565687247,5909.348092487925,7755.519569377683,20.0,0.1431613998824501,86.37562764976923,286.9211286161362,27.61852290983794,0.25,8.807500000000001,0.0125
333,161.71944213509562,331.43170531977546,412.20541224642307,0.1,308.7689156568724,6726.506605639587,7453.990991880039,20.0,0.1431613998824501,86.41344331487186,171.654491671107,29.923099930579063,0.125,8.975000000000001,0.0125
334,161.71944213509562,331.59861483446025,412.20541224642307,0.1,301.28141565687247,5909.348092487925,7851.413920149472,20.0,0.1431613998824501,86.39547440981549,757.5812649764555,30.842022948618805,0.75,10.825,0.0125
335,161.71944213509562,331.52486090619493,412.20541224642307,0.1,301.28141565687247,5909.348092487925,7871.7326968106445,20.0,0.1431613998824501,86.38184053398996,519.2677758562852,31.174584379973563,0.5,9.8625,0.00625
336,209.30621790885925,203.98833602666855,400.74535539746284,4.28913705945015,173.17461535334587,18809.77646043346,33.15898610698202,34.21377611569893,23.296521173998862,0.0,1.7725,0.8
337,405.0631921350956,471.30858614742647,6.361662246423066,0.1,544.6251656568725,316227.7660168379,7554.334700303021,212.0,0.5329738998824501,85.26297820436979,28.127265126740447,-2.0857979374241076,0.0,3.26,0.8
338,1.0,330.9303588485829,462.3671492461666,0.1,347.4622143348191,8864.807100317268,799.5398044023058,20.0,0.2737546239542393,86.35795411591728,33.427541178797966,0.6817800000000036,0.0,6.9125,0.8
339,168.91270955342148,93.69476304379388,47.85461899798341,0.1,544.6251656568725,316227.7660168379,8966.266951898735,20.0,0.250234571077874,86.3716309560243,156.416077597672,23.837076709512473,0.125,3.98,0.8
340,170.5017337832763,463.9118112579723,416.0786942291883,0.1,301.8724804970882,316227.7660168379,7938.805784631413,20.0,0.01,86.29358983515057,44.6232878916324,27.57938826654692,0.0,9.1625,0.8
341,173.2041328511256,413.1916247784727,340.62841137608797,0.1,366.02150677712945,6363.406263559514,7897.337745079015,20.0,0.01,86.285520925931,308.69870692742364,32.320127051548674,0.25,10.475000000000001,0.8
342,21.662518405686086,93.69476304379388,610.7672363858612,0.1,383.5803029784264,5999.45333695926,7897.519077456407,20.0,0.4409557072232939,86.33022891631971,529.3428645396857,1.3021247902151836,0.5,11.85,0.8
343,1.0,93.69476304379388,805.5616622464231,0.1,482.31764927658435,5898.894570126653,7912.871752233426,20.0,0.5329738998824501,86.31516373013308,49.84320304184277,2.5687707760367178,0.0,8.395,0.8
344,1.0,93.69476304379388,703.9591528610953,0.1,326.519639195964,5701.73955028954,7973.982361976113,20.0,0.5329738998824501,86.25476561911964,51.90421397570232,25.86177730071412,0.0,8.6225,0.8
345,1.0,93.69476304379388,461.9073553691737,0.1,495.74395174536573,5820.9339246061345,7956.49119408999,20.0,0.4939859059462491,86.2989176721692,50.90049400837117,1.4497449838468028,0.0,8.260000000000002,0.8
346,142.11069911148678,93.69476304379388,609.275190896249,0.1,521.5056118464083,5841.2084690448,4294.0842259315605,20.0,0.3156187793601894,86.46967249619,46.067401875655435,29.370960073150147,0.0,9.8125,0.4
347,172.5834183515318,450.7588662958245,360.38823319785615,0.1,305.8516682798679,8698.04439757586,8025.161118746081,20.0,0.01,86.3296041148593,273.4202640844185,1.2063180041453332,0.25,7.885,0.4
348,168.1431777891247,213.4947630437939,206.16166224642308,0.1,326.5015131841757,1158.4286231991284,31622.776601683792,20.0,0.01,82.32153081827789,43.34935356672858,1.6981966060016165,0.0,3.7224999999999997,0.4
349,45.66319213509559,213.4947630437939,566.7278263156662,0.1,185.22516565687246,6436.735147454811,7977.259409434539,20.0,0.01,71.98778683962624,64.09465419361605,30.315321666227483,0.0,10.0175,0.4
350,45.66319213509559,419.43642822177185,411.82549712249585,0.1,325.6426726232893,1830.7183594734618,8151.895223478875,20.0,0.01,86.72309469933332,56.773048238850436,23.01452276237319,0.0,7.5925,0.4
351,164.19060699694325,213.4947630437939,489.60321601567404,0.1,311.47005309642975,1945.5839371369534,8133.233316063254,20.0,0.01,77.96487162221858,47.23186049288999,31.201268317915073,0.0,7.2075,0.4
352,45.66319213509559,332.04616435266365,605.761662246423,0.1,416.04354836390104,50080.029153455354,7971.578504635524,20.0,0.13819042643639232,66.33826595267912,155.3968402244634,27.30825281779901,0.125,9.145,0.4
353,167.64390750742317,453.09476304379393,206.16166224642308,0.1,193.10892612853368,7449.962593350205,17499.606346659704,20.0,0.01,66.33826595267912,42.48567605593261,18.64201020169381,0.0,4.9625,0.4
354,45.66319213509559,453.09476304379393,605.761662246423,0.1,305.4496072726101,37063.90407115703,8127.414358726834,20.0,0.14199188203117463,79.47900192493643,160.369147561251,28.382576358905872,0.125,10.2325,0.4
355,156.0241612191448,350.3914789624831,206.16166224642308,0.1,308.62042046397494,15874.824929191476,1564.0976502182457,20.0,0.01,66.33826595267912,48.906591800394054,41.60455143780093,0.0,7.5625,0.4
356,143.4787542057587,348.63126431547437,396.1891276809627,0.1,424.82516565687246,793.7149728356552,7979.843860277504,20.0,0.14206189500727207,68.5534103108424,54.53190830891032,16.591686741702066,0.0,6.71,0.2
357,225.36319213509557,393.1947630437939,306.0616622464231,0.1,364.9251656568724,6348.366457133956,7965.911169513458,20.0,0.0379738998824501,96.03826595267913,311.50194137704386,49.16454712094584,0.25,9.9175,0.2
358,105.56319213509559,344.51769222535364,306.0616622464231,0.1,364.9251656568724,6234.514964273003,7961.01476849758,20.0,0.1899612560524263,96.03826595267913,418.83428268021856,45.41976443538972,0.375,9.989999999999998,0.2
359,105.56319213509559,351.7137490137101,306.0616622464231,0.1,364.9251656568724,6233.858095056305,7965.070325806505,20.0,0.1922162292067026,96.03826595267913,536.0231394863144,32.91657044774834,0.5,10.477500000000001,0.2
360,105.56319213509559,393.1947630437939,306.0616622464231,0.1,342.30676753432687,5867.479755007809,8017.925657208734,20.0,0.0379738998824501,96.03826595267913,198.97053137982087,29.225411843921243,0.125,9.877500000000001,0.2
361,105.56319213509559,317.78898100336426,306.0616622464231,0.1,364.9251656568724,6193.86857160387,7971.474548208056,20.0,0.21093117247241178,96.03826595267913,168.0921410714276,32.56426261759323,0.125,8.03,0.2
362,105.56319213509559,393.1947630437939,306.0616622464231,0.1,364.9251656568724,6463.297883269323,8025.566023172234,20.0,0.13366467118985553,96.03826595267913,409.3563051178307,32.80542375891423,0.375,9.2875,0.2
363,105.56319213509559,389.1655984672727,445.5608482862203,0.1,364.9251656568724,6227.518974547727,7957.777234561563,20.0,0.19848726845060038,96.03826595267913,411.76915553249324,32.16204896364973,0.375,9.969999999999999,0.2
364,105.56319213509559,393.1947630437939,474.9218489378426,0.1,364.9251656568724,6226.923593589315,7960.605083067279,20.0,0.2000839492925305,96.03826595267913,408.39075374776667,31.29714767423341,0.375,10.165000000000001,0.2
365,105.56319213509559,393.1947630437939,505.86166224642307,0.1,364.9251656568724,6223.7641291533655,7962.565119485531,20.0,0.20111515525391038,96.03826595267913,535.0157873410599,49.931945924066525,0.5,11.03,0.2
366,105.56319213509559,393.1947630437939,505.86166224642307,0.1,364.9251656568724,6212.56437519045,7972.463397884116,20.0,0.20669791734560677,96.03826595267913,190.0184702680016,45.68774784931705,0.125,11.15,0.1
367,135.5131921350956,363.2447630437939,429.45615888700723,0.1,334.9751656568725,6270.332586389671,7958.811028487438,20.0,0.1864738998824501,91.08826595267912,410.67034628812553,34.21478108417537,0.375,10.4225,0.1
368,135.5131921350956,363.2447630437939,442.5993222775015,0.1,334.9751656568725,6274.556337734024,7961.58586288282,20.0,0.1864738998824501,91.08826595267912,194.16295053287615,46.3158114101264,0.125,10.932500000000001,0.1
369,135.5131921350956,357.9710355219378,356.0116622464231,0.1,334.9751656568725,6251.706051114143,7945.839414115068,20.0,0.1864738998824501,91.08826595267912,415.9679541331233,46.857318165225294,0.375,10.4125,0.1
370,135.5131921350956,363.2447630437939,356.0116622464231,0.1,334.9751656568725,6257.783375810334,7948.9937151667,20.0,0.1864738998824501,91.08826595267912,520.8107479662208,30.438233532570965,0.5,9.3975,0.1
371,135.5131921350956,363.2447630437939,356.0116622464231,0.1,334.9751656568725,6276.485783104651,7958.504533503248,20.0,0.1864738998824501,91.08826595267912,522.5619890918583,36.50372970684208,0.5,9.592500000000001,0.1
372,135.5131921350956,363.2447630437939,356.0116622464231,0.1,334.9751656568725,6293.860006694789,7967.988974380143,20.0,0.1864738998824501,91.08826595267912,288.20684303199295,29.583739107355644,0.25,8.63,0.1
373,135.5131921350956,363.2447630437939,356.0116622464231,0.1,334.9751656568725,6281.715073363234,7961.122202355461,20.0,0.1864738998824501,91.08826595267912,306.04930113706973,34.41235946089856,0.25,10.27,0.1
374,135.5131921350956,363.2447630437939,356.0116622464231,0.1,334.9751656568725,6272.104098950483,7955.960348845023,20.0,0.1864738998824501,91.08826595267912,306.8445871660531,30.172759907674337,0.25,9.870000000000001,0.1
375,135.5131921350956,363.2447630437939,356.0116622464231,0.1,334.9751656568725,6263.5357234478815,7951.501384995156,20.0,0.1864738998824501,91.08826595267912,411.56212342095967,31.409079516271824,0.375,9.665,0.1
376,135.5131921350956,363.2447630437939,356.0116622464231,0.1,334.9751656568725,6267.744539861426,7953.7210189037605,20.0,0.1864738998824501,91.08826595267912,756.0882862177054,30.304910379821138,0.75,10.7025,0.05
377,150.4881921350956,348.26976304379394,380.98666224642307,0.1,320.00016565687247,6379.217393088195,7977.117528890933,20.0,0.16172389988245012,88.61326595267913,293.06674285467614,31.222580030649496,0.25,9.3525,0.05
378,180.43819213509562,348.26976304379394,380.98666224642307,0.1,320.00016565687247,6328.354650072127,7944.24402117176,20.0,0.16172389988245012,88.61326595267913,524.9961460315482,47.58224956247133,0.5,9.925,0.05
379,150.4881921350956,348.26976304379394,380.98666224642307,0.1,320.00016565687247,6384.410049314761,7978.420823923157,20.0,0.16172389988245012,88.61326595267913,292.99452756250014,36.01453684659033,0.25,9.497499999999999,0.05
380,150.4881921350956,348.26976304379394,380.98666224642307,0.1,320.00016565687247,6370.123996299359,7971.350205799521,20.0,0.16172389988245012,88.61326595267913,293.1296877861102,29.544887489240146,0.25,9.3975,0.05
381,150.4881921350956,348.26976304379394,380.98666224642307,0.1,320.00016565687247,6356.820970714951,7965.084958949504,20.0,0.16172389988245012,88.61326595267913,288.9699687915433,31.964934337650487,0.25,8.987499999999999,0.05
382,180.43819213509562,348.26976304379394,380.98666224642307,0.1,320.00016565687247,6311.967332182741,7934.140024018185,20.0,0.16172389988245012,88.61326595267913,184.6424572513284,32.54020976397632,0.125,9.807500000000001,0.05
383,150.4881921350956,348.26976304379394,380.98666224642307,0.1,320.00016565687247,6317.468268741247,7948.333208087302,20.0,0.16172389988245012,88.61326595267913,301.66975873847747,47.457692219505155,0.25,10.325,0.05
384,150.4881921350956,348.26976304379394,380.98666224642307,0.1,320.00016565687247,6306.841683316418,7944.038096601152,20.0,0.16172389988245012,88.61326595267913,521.2906789451092,36.58084953497355,0.5,9.94,0.05
385,150.4881921350956,348.26976304379394,380.98666224642307,0.1,320.00016565687247,8168.918684845688,7830.069943245006,20.0,0.15148612741604572,88.61326595267913,302.91069298382286,32.380209541034205,0.25,10.3125,0.05
386,150.4881921350956,348.26976304379394,380.98666224642307,0.1,320.00016565687247,8168.918684845688,8104.051174022099,20.0,0.15727056837638273,88.61326595267913,55.147646607680656,29.945911947555786,0.0,8.665,0.025
387,172.9506921350956,340.7822630437939,393.4741622464231,0.1,312.51266565687246,6130.963051328063,7868.341512921507,20.0,0.14818994440322283,87.37576595267912,413.2184963607897,47.165492719379735,0.375,10.5825,0.025
388,172.9506921350956,340.7822630437939,393.4741622464231,0.1,312.51266565687246,6137.066183775624,7870.830572826375,20.0,0.14844939343708047,87.37576595267912,520.9374985645111,31.873580526685583,0.5,9.705,0.025
389,172.9506921350956,340.7822630437939,393.4741622464231,0.1,312.51266565687246,6143.146772058815,7873.779020796895,20.0,0.14934889988245012,87.37576595267912,519.1725416047908,32.773161327451646,0.5,9.6725,0.025
390,172.9506921350956,340.7822630437939,393.4741622464231,0.1,312.51266565687246,6152.2194056703665,7877.75581995096,20.0,0.14934889988245012,87.37576595267912,165.96356110004095,30.78515074323263,0.125,8.317499999999999,0.025
391,172.9506921350956,340.7822630437939,393.4741622464231,0.1,312.51266565687246,6136.2009789122985,7869.755166546359,20.0,0.13626904748412955,87.37576595267912,403.9595699066557,33.17002108775736,0.375,8.7425,0.025
392,172.9506921350956,340.7822630437939,393.4741622464231,0.1,312.51266565687246,5821.555752244125,7884.386342664022,20.0,0.1245988998824501,87.37576595267912,402.18277325140616,31.041909810243673,0.375,8.795,0.025
393,172.9506921350956,340.7822630437939,393.4741622464231,0.1,312.51266565687246,5819.455610577093,7884.809646611335,20.0,0.1245988998824501,87.37576595267912,306.17249361007305,30.88624994396023,0.25,9.9225,0.025
394,172.9506921350956,340.7822630437939,393.4741622464231,0.1,312.51266565687246,5825.364915309217,7884.183723951854,20.0,0.1245988998824501,87.37576595267912,524.1338563694064,44.14204074690686,0.5,9.9375,0.025
395,172.9506921350956,340.7822630437939,393.4741622464231,0.1,312.51266565687246,5811.910294138402,7885.493174480357,20.0,0.1245988998824501,86.83156567731781,296.42764304991766,30.172559270697775,0.25,9.2275,0.025
396,172.9506921350956,340.7822630437939,393.4741622464231,0.1,312.51266565687246,6138.658006426241,7873.104245610394,20.0,0.1245988998824501,87.37576595267912,66.47801351355832,32.56360479355036,0.0,9.305,0.0125
397,169.20694213509557,337.0385130437939,399.7179122464231,0.1,308.7689156568724,6107.101142396975,7858.0978965053,20.0,0.1431613998824501,86.75701595267913,636.2564124822055,46.69536422249199,0.625,10.2425,0.0125
398,169.20694213509557,337.0385130437939,399.7179122464231,0.1,308.7689156568724,5909.348092487925,7881.7721294737585,20.0,0.1307863998824501,86.75701595267913,309.2137841750119,32.445785801324085,0.25,10.692499999999999,0.0125
399,169.20694213509557,337.0385130437939,399.7179122464231,0.1,308.7689156568724,6119.963210579314,7860.157794344163,20.0,0.13542489454498122,86.75701595267913,411.4563139123195,37.10024962393845,0.375,10.065,0.0125
400,169.20694213509557,337.0385130437939,399.7179122464231,0.1,308.7689156568724,6123.8168207770905,7861.575253296797,20.0,0.1307863998824501,86.75701595267913,405.50641536806523,36.48951980859505,0.375,9.247499999999999,0.0125
401,169.20694213509557,337.0385130437939,399.7179122464231,0.1,308.7689156568724,6127.389737905362,7862.95875601534,20.0,0.1307863998824501,86.75701595267913,405.1889091277401,34.923447196770255,0.375,9.6525,0.0125
402,169.20694213509557,337.0385130437939,399.7179122464231,0.1,308.7689156568724,5909.348092487925,7882.062116550542,20.0,0.1307863998824501,86.75701595267913,302.8132429128369,44.089119617008286,0.25,10.035,0.0125
403,169.20694213509557,337.0385130437939,399.7179122464231,0.1,308.7689156568724,5909.348092487925,7880.874018155174,20.0,0.1307863998824501,86.75701595267913,425.7188047524672,48.834362753953535,0.375,11.2875,0.0125
404,169.20694213509557,337.0385130437939,399.7179122464231,0.1,308.7689156568724,5909.348092487925,7882.022346232323,20.0,0.1307863998824501,86.75701595267913,304.0135916738336,34.92996787585069,0.25,10.2125,0.0125
405,169.20694213509557,337.0385130437939,399.7179122464231,0.1,308.7689156568724,5909.348092487925,7880.847459595186,20.0,0.1307863998824501,86.75701595267913,527.1439300668419,31.814968768300957,0.5,11.087499999999999,0.0125
406,169.20694213509557,337.0385130437939,399.7179122464231,0.1,308.7689156568724,6128.5417887609265,7866.628827190397,20.0,0.1307863998824501,86.75701595267913,399.3929965320083,30.7835192566185,0.375,8.7075,0.00625
407,352.75064319372177,269.97895616292953,81.97183157503605,0.48612270280718806,110.9556347578764,9185.602453220852,506.79313232250274,25.146360635711662,21.273945421304255,0.0,1.8250000000000002,0.8
408,339.81994269090757,558.7189040865671,6.361662246423066,0.1,494.96213434484406,6207.082166759862,7928.919283261554,20.0,0.5107483244096025,100.0,163.36645090766328,24.575064431219342,0.125,3.8949999999999996,0.8
409,213.38470137697848,572.8947630437939,6.361662246423066,0.1,338.7260909329583,5721.318353929689,7917.7133233391705,20.0,0.01,77.67324072733602,61.489556319162226,27.580453220958727,0.0,3.785,0.8
410,20.474476765429078,93.69476304379388,805.5616622464231,0.1,544.6251656568725,5914.556991433617,7876.937850845791,20.0,0.2062714560194997,100.0,176.9831653171385,33.057067360249334,0.125,10.7425,0.8
411,261.0852082179831,572.8947630437939,432.8482310897885,0.1,544.6251656568725,6151.744592432589,7917.7938828423285,20.0,0.3045768109897078,100.0,419.3392313124619,47.60654707107774,0.375,10.447500000000002,0.8
412,1.0,572.8947630437939,420.84352604151974,0.1,544.6251656568725,5920.341964916846,31622.776601683792,20.0,0.01,100.0,46.37826740775779,34.33747728684815,0.0,5.612500000000001,0.8
413,311.0837414847849,572.8947630437939,239.81712745040815,0.1,271.77828824213026,6038.228011557608,7893.68400525883,20.0,0.22519458696297173,100.0,525.9833332143435,32.20541798476966,0.5,9.0775,0.8
414,405.0631921350956,572.8947630437939,413.5732216961696,0.1,442.66655457894615,6187.201339094705,7914.733573521794,20.0,0.5329738998824501,100.0,521.9747266628438,32.39998931040245,0.5,9.225,0.8
415,405.0631921350956,572.8947630437939,425.9415866469169,0.1,544.6251656568725,6161.7583013551275,7918.477804303885,20.0,0.5329738998824501,100.0,640.1365685344178,34.901114170422304,0.625,10.2425,0.8
416,405.0631921350956,572.8947630437939,447.3160577262057,0.1,544.6251656568725,6145.28915033406,7926.957585393841,20.0,0.5329738998824501,100.0,180.8659568389305,33.03735551049234,0.125,8.8325,0.8
417,405.0631921350956,572.8947630437939,412.1896849830686,0.1,494.8395948459491,6181.966230899013,7911.539181745408,20.0,0.5329738998824501,100.0,170.64181722363708,32.7626351710056,0.125,8.3725,0.4
418,285.2631921350956,453.09476304379393,392.34553089336936,0.1,313.5876462748275,6199.706299781596,7894.792946265639,20.0,0.2382385067609706,100.0,535.3813930420529,50.8666287438549,0.5,11.3375,0.4
419,285.2631921350956,453.09476304379393,394.30311166067463,0.1,193.96461355763176,6217.6770139861665,7897.657260285347,20.0,0.33497389988245013,100.0,52.18566642895883,33.65636044996405,0.0,7.9575,0.4
420,285.2631921350956,453.09476304379393,391.3172778257934,0.1,424.82516565687246,6150.976930519772,7882.845671527175,20.0,0.01,100.0,407.20757308655624,36.72906178981421,0.375,9.537500000000001,0.4
421,285.2631921350956,453.09476304379393,391.38049092215175,0.1,424.82516565687246,6148.337284848501,7882.74742148215,20.0,0.01,100.0,420.17849076137384,33.05834104066012,0.375,9.79,0.4
422,285.2631921350956,453.09476304379393,392.2516273425552,0.1,424.82516565687246,6150.254124823539,7883.848333700921,20.0,0.01,100.0,311.91429776435643,33.27465530685235,0.25,10.755,0.4
423,285.2631921350956,453.09476304379393,390.3086417638445,0.1,424.82516565687246,6153.667105094576,7882.988514405048,20.0,0.01,100.0,85.009340978428,30.26928135729773,0.0,9.982500000000002,0.4
424,45.66319213509559,453.09476304379393,380.48227303166425,0.1,424.82516565687246,6131.501993282605,7867.189110827845,20.0,0.33497389988245013,100.0,165.19890438668594,31.889123051835153,0.125,7.9025,0.4
425,285.2631921350956,453.09476304379393,387.43097397572586,0.1,424.82516565687246,6153.777759398809,7877.116880335242,20.0,0.01,100.0,879.1505621125297,112.32449690023697,0.875,11.322500000000002,0.4
426,405.0631921350956,572.8947630437939,402.4762218616771,0.1,544.6251656568724,6138.660128087038,7884.920694368173,20.0,0.01,100.0,531.3907947509443,47.598281108784505,0.5,11.245000000000001,0.4
427,405.0631921350956,572.8947630437939,408.2505437909442,0.1,544.6251656568724,6125.848527666533,7886.4603957247255,20.0,0.01,100.0,289.9787111144426,32.840310288362815,0.25,8.86,0.4
428,405.0631921350956,572.8947630437939,401.7481067073735,0.1,544.6251656568724,6139.192877239673,7883.542988127254,20.0,0.01,100.0,408.98230537230995,31.50304976178422,0.375,9.995,0.4
429,405.0631921350956,572.8947630437939,401.10594704629113,0.1,544.6251656568724,6140.382144973404,7883.038997427604,20.0,0.01,100.0,536.4607043605407,32.42157674204366,0.5,10.835,0.4
430,405.0631921350956,572.8947630437939,405.6085169655743,0.1,544.6251656568724,6129.561769634013,7884.930332915013,20.0,0.01,100.0,435.9964771257961,97.23343429569333,0.375,11.475000000000001,0.4
431,405.0631921350956,572.8947630437939,406.8023795227191,0.1,544.6251656568724,6127.556349672616,7885.017610296435,20.0,0.01,100.0,528.2282585496423,30.475312370352597,0.5,10.6025,0.4
432,405.0631921350956,572.8947630437939,410.6987730290779,0.1,544.6251656568724,6117.003214914183,7885.939576164889,20.0,0.01,100.0,658.6911010212798,94.09874688312713,0.625,11.36,0.4
433,405.0631921350956,572.8947630437939,419.2513660134579,0.1,544.6251656568724,6084.952362408705,7885.898992912539,20.0,0.01,100.0,291.79426162213076,31.836887958390477,0.25,8.780000000000001,0.4
434,405.0631921350956,572.8947630437939,412.92527550389946,0.1,544.6251656568724,6106.225617797809,7883.611709269882,20.0,0.01,100.0,310.4514787017822,28.16504908958475,0.25,10.760000000000002,0.4
435,405.0631921350956,572.8947630437939,408.72231748554043,0.1,544.6251656568724,6117.196034619612,7882.055969499425,20.0,0.01,100.0,418.4209370212611,32.987423991264684,0.375,10.2025,0.2
436,345.16319213509564,512.9947630437939,405.6029156485737,0.1,484.72516565687243,6118.4062943813105,7876.91153471435,20.0,0.01,100.0,306.8087814319544,29.576557739297016,0.25,10.53,0.2
437,345.16319213509564,512.9947630437939,403.56361744104396,0.1,484.72516565687243,6120.346602625689,7875.337652959456,20.0,0.01,100.0,539.4793680115831,57.70218794202392,0.5,11.1175,0.2
438,345.16319213509564,512.9947630437939,405.79996924785866,0.1,484.72516565687243,6115.477876759543,7876.238221971026,20.0,0.01,100.0,298.99253552810274,31.463983504199387,0.25,10.15,0.2
439,345.16319213509564,512.9947630437939,403.2908438065166,0.1,484.72516565687243,6117.302043786601,7874.073814389095,20.0,0.01,100.0,647.8945472630276,33.41529286287748,0.625,10.544999999999998,0.2
440,345.16319213509564,512.9947630437939,408.49764371846493,0.1,484.72516565687243,6105.170565004097,7873.16743391793,20.0,0.01,100.0,536.2101700846231,31.29227135057411,0.5,10.412500000000001,0.2
441,317.82668752182605,512.9947630437939,436.22603919970396,0.1,439.49388829224023,4689.673110329942,6317.500944005198,20.0,0.109,99.25218740493382,39.12741698942115,29.74766171853558,0.0,6.682499999999999,0.2
442,345.16319213509564,512.9947630437939,405.2039059059977,0.1,484.72516565687243,6191.501908682075,7943.574189666509,20.0,0.01,100.0,307.8537139657153,31.356240447395933,0.25,10.03,0.2
443,345.16319213509564,512.9947630437939,402.90375322962524,0.1,484.72516565687243,6186.989806433321,7936.017465586059,20.0,0.01,100.0,631.7525119093962,32.17991291212801,0.625,9.2375,0.2
444,345.16319213509564,512.9947630437939,406.6855666065674,0.1,484.72516565687243,6191.7714523072045,7947.792219985458,20.0,0.01,100.0,423.7955555627057,31.48357850788209,0.375,10.39,0.2
445,345.16319213509564,512.9947630437939,406.38006253554437,0.1,484.72516565687243,6192.4046991496325,7947.213001486074,20.0,0.01,100.0,416.98412301078474,32.056771819699414,0.375,10.33,0.1
446,315.2131921350956,483.044763043794,405.0508958868863,0.1,454.77516565687245,6187.868069913324,7941.234083213903,20.0,0.01,100.0,317.66093297904814,45.243745284289425,0.25,11.46,0.1
447,315.2131921350956,483.044763043794,403.2497797896561,0.1,454.77516565687245,6184.144337386387,7935.791860797195,20.0,0.01,100.0,532.9647641869647,45.388551933677704,0.5,10.2375,0.1
448,315.2131921350956,483.044763043794,404.9506540589479,0.1,454.77516565687245,6187.799622476822,7941.069773201192,20.0,0.01,100.0,430.13771007246237,47.23504755656357,0.375,11.285,0.1
449,315.2131921350956,483.044763043794,405.14829178786226,0.1,454.77516565687245,6188.706986592615,7941.712854974657,20.0,0.01,100.0,180.86391463187547,34.441698028708004,0.125,9.469999999999999,0.1
450,315.2131921350956,483.044763043794,401.51863169067127,0.1,454.77516565687245,6177.305169218747,7929.864839443284,20.0,0.01,100.0,194.35558326557646,34.01633836480102,0.125,9.4925,0.1
451,315.2131921350956,483.044763043794,399.07346485184706,0.1,454.77516565687245,6168.47447674984,7922.407896809504,20.0,0.01,100.0,173.79556709389115,29.528223407004297,0.125,8.8,0.1
452,315.2131921350956,483.044763043794,396.98273871900676,0.1,454.77516565687245,6158.163362777083,7916.065996921753,20.0,0.01,100.0,533.694330407073,28.35971518570419,0.5,10.282499999999999,0.1
453,315.2131921350956,483.044763043794,398.33910410854475,0.1,454.77516565687245,6163.1287581841225,7919.007007809696,20.0,0.01,100.0,301.85364733121344,31.002805806694138,0.25,9.532499999999999,0.1
454,315.2131921350956,483.044763043794,397.5654346725906,0.1,454.77516565687245,6161.41597675995,7916.526286429798,20.0,0.01,100.0,418.67661307140725,31.0625068708505,0.375,10.2175,0.1
455,315.2131921350956,483.044763043794,397.83187584032504,0.1,454.77516565687245,6161.716949431365,7917.069735506001,20.0,0.01,100.0,419.4251402983847,33.415541625339145,0.375,10.780000000000001,0.05
456,300.23819213509563,468.06976304379396,397.1296025036301,0.1,439.8001656568724,6160.900019557632,7915.038391367125,20.0,0.01,100.0,194.98160478060106,31.894344780719056,0.125,10.217500000000001,0.05
457,300.23819213509563,468.06976304379396,396.19131707539873,0.1,439.8001656568724,6151.675354991439,7911.176145852501,20.0,0.01,100.0,549.7791366286872,99.2631447404961,0.5,12.0125,0.05
458,300.23819213509563,468.06976304379396,396.9423557224302,0.1,439.8001656568724,6155.237898703273,7913.571067136087,20.0,0.01,100.0,324.2271600253994,86.87826179462897,0.25,11.4175,0.05
459,300.23819213509563,468.06976304379396,396.6143143266378,0.1,439.8001656568724,6153.68350470675,7912.2796174571,20.0,0.01,100.0,327.3616702826334,96.95697389683535,0.25,12.094999999999999,0.05
460,300.23819213509563,468.06976304379396,396.2250083736539,0.1,439.8001656568724,6152.505430595818,7911.167939434104,20.0,0.01,100.0,536.0938711610945,34.97145852464003,0.5,10.875,0.05
461,300.23819213509563,468.06976304379396,396.8988251850471,0.1,439.8001656568724,6156.065613875366,7913.270036113201,20.0,0.01,100.0,206.081341447382,48.30203590485259,0.125,10.817499999999999,0.05
462,300.23819213509563,468.06976304379396,396.0360244894033,0.1,439.8001656568724,6148.311395286092,7910.076161309212,20.0,0.01,100.0,422.92186401163553,49.54038420668222,0.375,10.4625,0.05
463,300.23819213509563,468.06976304379396,396.17541205864376,0.1,439.8001656568724,6149.923545790981,7910.491181766426,20.0,0.01,100.0,310.6015050492157,56.89871511792509,0.25,10.415000000000001,0.05
464,300.23819213509563,468.06976304379396,395.7498364427806,0.1,439.8001656568724,6148.494200958509,7909.242680939651,20.0,0.01,100.0,422.41072519391867,31.44405289197183,0.375,10.075,0.05
465,300.23819213509563,468.06976304379396,395.9575191009669,0.1,439.8001656568724,6150.0310844136575,7909.722501518872,20.0,0.01,100.0,319.6510546003368,34.19183960662995,0.25,10.772499999999999,0.025
466,292.7506921350956,460.58226304379394,395.24734728565363,0.1,432.3126656568724,6147.622963827436,7907.628696869332,20.0,0.01,100.0,310.89334995857746,31.13734957252562,0.25,10.5175,0.025
467,292.7506921350956,460.58226304379394,394.91671633950756,0.1,432.3126656568724,6146.290369725543,7906.641881940763,20.0,0.01,100.0,182.10821485179827,32.66113193278127,0.125,8.8925,0.025
468,292.7506921350956,460.58226304379394,394.5020576991218,0.1,432.3126656568724,6142.064192187209,7904.211914699142,20.0,0.01,100.0,307.7086964618363,43.64863566291521,0.25,10.3875,0.025
469,292.7506921350956,460.58226304379394,394.3344217620295,0.1,432.3126656568724,6137.072319213324,7903.415173214342,20.0,0.01,100.0,289.2871608541322,29.806147634114566,0.25,9.315000000000001,0.025
470,292.7506921350956,460.58226304379394,394.1570368274756,0.1,432.3126656568724,6133.7194856522365,7902.498498222006,20.0,0.01,100.0,538.9859845813492,59.15450886197632,0.5,11.79,0.025
471,292.7506921350956,460.58226304379394,394.40994323699107,0.1,432.3126656568724,6135.525724780024,7903.69165568526,20.0,0.01,100.0,305.3047598799937,29.87550557338267,0.25,10.21,0.025
472,292.7506921350956,460.58226304379394,393.95651326622965,0.1,432.3126656568724,6134.484088142355,7902.919100306764,20.0,0.01,100.0,187.8578596713781,30.598709090801933,0.125,9.5625,0.025
473,292.7506921350956,460.58226304379394,394.1554307996559,0.1,432.3126656568724,6128.622708944209,7901.259481462476,20.0,0.01,98.7625,314.9397631454305,33.36652564601961,0.25,10.567499999999999,0.025
474,292.7506921350956,460.58226304379394,393.7576672226235,0.1,432.3126656568724,6128.040479903735,7900.657314418791,20.0,0.01,98.7625,657.8565931982093,95.8025358742683,0.625,11.765,0.025
475,292.7506921350956,460.58226304379394,394.47913715820874,0.1,432.3126656568724,6127.981774790793,7902.543953501255,20.0,0.01,100.0,414.3845609572564,32.326807375860476,0.375,9.857500000000002,0.0125
476,289.0069421350956,456.8385130437939,393.67472397572584,0.1,428.56891565687243,6128.176278716667,7902.125765948011,20.0,0.01,100.0,211.17732875489287,57.78442802179735,0.125,10.954999999999998,0.0125
477,289.0069421350956,456.8385130437939,393.67472397572584,0.1,428.56891565687243,6124.125041662715,7900.762698876004,20.0,0.01,99.38125000000001,292.74669722947993,32.565968073080455,0.25,8.8525,0.0125
478,289.0069421350956,456.8385130437939,393.67472397572584,0.1,428.56891565687243,6123.10733032311,7900.165060913823,20.0,0.01,99.38125000000001,188.72831109744703,29.84387354178508,0.125,9.690000000000001,0.0125
479,289.0069421350956,456.8385130437939,393.67472397572584,0.1,428.56891565687243,6118.183066093948,7898.796123782633,20.0,0.01,99.38125000000001,315.3974745631934,34.237348571135215,0.25,10.895,0.0125
480,289.0069421350956,456.8385130437939,393.67472397572584,0.1,428.56891565687243,6120.334034403766,7898.505471177853,20.0,0.01,99.38125000000001,296.803304362078,30.310878232089923,0.25,9.36,0.0125
481,289.0069421350956,456.8385130437939,393.67472397572584,0.1,428.56891565687243,6118.386482404226,7897.947068657289,20.0,0.01,99.38125000000001,192.48227241284667,30.61244672153068,0.125,9.927499999999998,0.0125
482,289.0069421350956,456.8385130437939,393.67472397572584,0.1,428.56891565687243,6113.22421644029,7896.918467250063,20.0,0.01,99.38125000000001,176.73647150001284,30.41879157738503,0.125,8.639999999999999,0.0125
483,289.0069421350956,456.8385130437939,393.67472397572584,0.1,428.56891565687243,6109.204737199554,7895.914046620869,20.0,0.01,99.38125000000001,305.53385018633,31.28103689166705,0.25,10.9125,0.0125
484,289.0069421350956,456.8385130437939,393.67472397572584,0.1,428.56891565687243,6109.492467503712,7895.741517380788,20.0,0.01,99.38125000000001,414.63939020769806,35.163116028620344,0.375,9.73,0.0125
485,289.0069421350956,456.8385130437939,393.4987322685305,0.1,428.56891565687243,6110.658479085821,7895.86077702933,20.0,0.01,99.38125000000001,295.5809661523759,33.83347576466224,0.25,9.105,0.00625
486,83.4129950106144,345.59236937761307,714.4133535027504,2.63302059173584,534.8329094648361,504.6905375538863,1770.6624415104816,38.706006077307734,21.27538000665005,0.0,2.5625,0.8
487,524.8631921350957,600.0,401.6755780356589,0.1,600.0,6126.262461371224,7917.343483372882,20.0,0.01,60.4,514.822389395194,31.301832918371318,0.5,8.545000000000002,0.8
488,524.8631921350957,600.0,402.9562567999929,0.1,600.0,6123.2889604465,7920.917034754224,20.0,0.01,60.4,76.84228092039713,30.543255429808216,0.0,9.2175,0.8
489,524.8631921350957,600.0,399.6057586352102,0.1,600.0,6130.714812593622,7913.562922755038,20.0,0.01,100.0,645.0498410895322,32.580440477582144,0.625,11.337499999999999,0.8
490,524.8631921350957,600.0,401.14193555664275,0.1,600.0,6116.143846380345,7915.271944337351,20.0,0.01,100.0,527.2549698293035,31.257788927098613,0.5,9.105,0.8
491,524.8631921350957,600.0,402.1185405838065,0.1,600.0,6109.583116250187,7916.75328614688,20.0,0.01,100.0,186.88092192273467,31.71104995570196,0.125,9.0525,0.8
492,524.8631921350957,600.0,400.7598410458596,0.1,600.0,6117.690250706602,7914.2591101594935,20.0,0.01,100.0,641.0597907942281,31.7356379341379,0.625,10.1525,0.8
493,524.8631921350957,600.0,402.23531484347313,0.1,600.0,6104.2310464265665,7916.399394804426,20.0,0.01,100.0,768.494654019189,104.26464739180994,0.75,11.57,0.8
494,524.8631921350957,600.0,434.61246205882844,0.1,600.0,6048.25385985311,7953.6493856250445,20.0,0.20615610139431623,100.0,278.58624145594223,31.423394307550133,0.25,8.17,0.8
495,524.8631921350957,600.0,400.63256185202283,0.1,600.0,6084.990928747306,7914.828056257228,20.0,0.01,100.0,528.8665210666236,30.98190042556022,0.5,10.23,0.8
496,524.8631921350957,600.0,400.99886256593044,0.1,600.0,6077.952240346986,7916.274085831873,20.0,0.01,100.0,749.9413442393462,33.23583584046521,0.75,10.57,0.4
497,405.0631921350956,572.8947630437939,401.0077788713901,0.1,544.6251656568724,6045.469395284917,7911.007843552134,20.0,0.01,100.0,318.6503542026008,33.593256965692404,0.25,10.8625,0.4
498,405.0631921350956,572.8947630437939,400.81130257768876,0.1,544.6251656568724,6053.89874648779,7910.3360109331825,20.0,0.01,100.0,651.4605024296708,58.69219034617603,0.625,11.0975,0.4
499,405.0631921350956,572.8947630437939,402.1298278903047,0.1,544.6251656568724,6031.420979928475,7912.446672578344,20.0,0.01,100.0,546.0839372397116,89.62957638484521,0.5,11.537500000000001,0.4
500,405.0631921350956,572.8947630437939,403.3374069093617,0.1,544.6251656568724,6020.984759188919,7914.397411222661,20.0,0.01,100.0,647.8013668635297,30.531209637964345,0.625,9.82,0.4
501,405.0631921350956,572.8947630437939,410.67368392742895,0.1,544.6251656568724,5407.037119376579,8174.379399809792,20.0,0.01,100.0,96.5893510020153,33.968677523245034,0.0,10.75,0.4
502,405.0631921350956,572.8947630437939,399.893647319727,0.1,544.6251656568724,6115.807838733019,7863.052520716248,20.0,0.01,100.0,317.18286809159747,47.826087240173926,0.25,11.1275,0.4
503,405.0631921350956,572.8947630437939,399.4008556133863,0.1,544.6251656568724,6119.938165477402,7865.807271208246,20.0,0.01,100.0,655.2341653824797,73.82856855249278,0.625,10.9875,0.4
504,405.0631921350956,572.8947630437939,400.3788243043104,0.1,544.6251656568724,6106.240541858782,7859.356583459537,20.0,0.01,100.0,413.8195894909984,30.680199991779045,0.375,9.3125,0.4
505,405.0631921350956,572.8947630437939,400.2955605706726,0.1,544.6251656568724,6107.49150035863,7859.58332115308,20.0,0.01,100.0,189.85090805344717,0.8739153483551236,0.125,8.89,0.4
506,405.0631921350956,572.8947630437939,399.6420214219098,0.1,544.6251656568724,6114.47340826328,7866.373922150706,20.0,0.01,100.0,546.3472511200284,91.20774365544548,0.5,11.4575,0.2
507,345.16319213509564,512.9947630437939,398.17714783685284,0.1,484.72516565687243,6090.657821921989,7855.850258671503,20.0,0.01,100.0,416.9671568645558,32.64415501688199,0.375,10.032499999999999,0.2
508,345.16319213509564,512.9947630437939,398.0104267221491,0.1,484.72516565687243,6091.26634568847,7855.462723757014,20.0,0.01,100.0,209.88332657718013,48.175655722505425,0.125,11.482500000000002,0.2
509,345.16319213509564,512.9947630437939,397.8846934146139,0.1,484.72516565687243,6093.878425858543,7860.329962189951,20.0,0.01,100.0,419.8938528137363,30.864272976833547,0.375,10.11,0.2
510,345.16319213509564,512.9947630437939,397.92911778035227,0.1,484.72516565687243,6094.385362603084,7859.988724227921,20.0,0.01,100.0,304.774710448099,31.847715253159574,0.25,10.385,0.2
511,345.16319213509564,512.9947630437939,397.89157852025085,0.1,484.72516565687243,6096.873865139746,7862.192426683375,20.0,0.01,100.0,306.012095011276,31.267279155441635,0.25,10.23,0.2
512,345.16319213509564,512.9947630437939,397.387876263167,0.1,484.72516565687243,6099.462303038858,7864.033172114495,20.0,0.01,100.0,540.8552676885504,46.54511310880481,0.5,10.549999999999999,0.2
513,345.16319213509564,512.9947630437939,397.5365935954687,0.1,484.72516565687243,6095.4464197991965,7861.13913127679,20.0,0.01,100.0,411.21498689791105,28.0719026162394,0.375,9.7425,0.2
514,345.16319213509564,512.9947630437939,397.75025943782185,0.1,484.72516565687243,6096.2034352766705,7861.188337042182,20.0,0.01,100.0,656.5421092354313,97.1756429975737,0.625,11.149999999999999,0.2
515,345.16319213509564,512.9947630437939,398.0252002516338,0.1,484.72516565687243,6086.807635939189,7855.424735280577,20.0,0.01,100.0,530.5804397725751,31.634742340901365,0.5,10.3325,0.2
516,345.16319213509564,512.9947630437939,398.2309554299856,0.1,484.72516565687243,6082.521740990196,7852.333055891161,20.0,0.01,100.0,429.5227596554514,34.91172743968072,0.375,11.15,0.1
517,315.2131921350956,483.044763043794,397.11361778758607,0.1,454.77516565687245,6073.364186020232,7847.813175886631,20.0,0.01,100.0,178.78503049437734,29.084693398262978,0.125,8.985,0.1
518,315.2131921350956,483.044763043794,397.4777317826749,0.1,454.77516565687245,6073.9039204707005,7853.1651830392575,20.0,0.01,100.0,205.3799062595797,48.72186901840113,0.125,10.4475,0.1
519,315.2131921350956,483.044763043794,397.5137442037839,0.1,454.77516565687245,6075.622421608581,7857.432520117464,20.0,0.01,100.0,530.3723003964056,34.15774843840175,0.5,10.6125,0.1
520,315.2131921350956,483.044763043794,397.71077594512843,0.1,454.77516565687245,6072.966691211762,7854.680653784351,20.0,0.01,100.0,424.7159485147517,30.13461760364595,0.375,9.934999999999999,0.1
521,315.2131921350956,483.044763043794,398.275254183293,0.1,454.77516565687245,6078.114168180973,7854.874879285761,20.0,0.01,100.0,303.4121370746894,31.992463254314394,0.25,9.892500000000002,0.1
522,315.2131921350956,483.044763043794,397.566677955086,0.1,454.77516565687245,6074.214892743144,7855.880513299883,20.0,0.01,100.0,427.3896251487257,30.051735043636135,0.375,10.587499999999999,0.1
523,315.2131921350956,483.044763043794,397.3872958784881,0.1,454.77516565687245,6075.183447946161,7855.340365053443,20.0,0.01,100.0,192.4967756272921,31.07592436037956,0.125,9.73,0.1
524,315.2131921350956,483.044763043794,397.80542405595946,0.1,454.77516565687245,6078.567203919741,7859.747324305715,20.0,0.01,100.0,521.0243758656474,31.00591559849625,0.5,9.434999999999999,0.1
525,315.2131921350956,483.044763043794,397.7341559042641,0.1,454.77516565687245,6073.620860131131,7857.045591289265,20.0,0.01,100.0,309.12391920566813,30.65647552834132,0.25,9.735,0.1
526,315.2131921350956,483.044763043794,397.6580566105075,0.1,454.77516565687245,6075.61787759196,7858.7102286310455,20.0,0.01,100.0,425.7655588615643,34.25115557354996,0.375,10.942499999999999,0.05
527,300.23819213509563,468.06976304379396,396.84023108768827,0.1,439.8001656568724,6071.936561986943,7855.948557366827,20.0,0.01,100.0,427.8164190633812,34.70677316856214,0.375,11.727500000000001,0.05
528,300.23819213509563,468.06976304379396,396.5958550740682,0.1,439.8001656568724,6073.110760089752,7855.310647460435,20.0,0.01,100.0,306.058725802145,31.968270524802996,0.25,10.895,0.05
529,300.23819213509563,468.06976304379396,396.88344084524675,0.1,439.8001656568724,6073.854094007514,7856.963403897154,20.0,0.01,100.0,190.65290180207296,30.32179568005597,0.125,10.055,0.05
530,300.23819213509563,468.06976304379396,396.9020916429486,0.1,439.8001656568724,6072.48594406099,7860.049724233233,20.0,0.01,100.0,192.33311886783065,30.440174860814743,0.125,9.4475,0.05
531,300.23819213509563,468.06976304379396,412.4059739757259,0.1,439.8001656568724,6260.694996155007,7885.77829386823,20.0,0.03475,100.0,759.459790839891,49.83970308093973,0.75,10.95,0.05
532,300.23819213509563,468.06976304379396,402.4752156669391,0.1,439.8001656568724,6094.313914432493,7864.966162060224,20.0,0.01,100.0,310.36982956676184,30.857283983593085,0.25,10.445,0.05
533,300.23819213509563,468.06976304379396,402.3475143100614,0.1,439.8001656568724,6095.179404332809,7866.009146774026,20.0,0.01,100.0,522.4631083440794,30.742710853782555,0.5,9.61,0.05
534,300.23819213509563,468.06976304379396,402.9782936911985,0.1,439.8001656568724,6097.988941753542,7864.797872351945,20.0,0.01,100.0,427.6844889101388,34.92931594211633,0.375,10.98,0.05
535,300.23819213509563,468.06976304379396,402.89773074282846,0.1,439.8001656568724,6099.760453089749,7864.404598990666,20.0,0.01,100.0,302.99723712173557,30.36152761718471,0.25,9.615,0.05
536,300.23819213509563,468.06976304379396,402.4312281342251,0.1,439.8001656568724,6096.682158122918,7865.195590833357,20.0,0.01,100.0,426.23750955183044,31.28284720547527,0.375,10.995000000000001,0.025
537,292.7506921350956,460.58226304379394,399.9184739757259,0.1,432.3126656568724,6091.875851348607,7863.009048178954,20.0,0.01,100.0,394.65942669632864,29.96960080864631,0.375,8.4275,0.025
538,292.7506921350956,460.58226304379394,399.9184739757259,0.1,432.3126656568724,6095.043450225235,7863.178861735372,20.0,0.01,100.0,207.15142647724696,33.75012687368001,0.125,10.724999999999998,0.025
539,292.7506921350956,460.58226304379394,399.9184739757259,0.1,432.3126656568724,6091.207190992406,7865.058835403923,20.0,0.01,100.0,167.35010642339614,29.72936373318946,0.125,7.682499999999999,0.025
540,292.7506921350956,460.58226304379394,399.9184739757259,0.1,432.3126656568724,6372.474587810934,7892.6919501452585,20.0,0.022375,100.0,527.1665733134831,32.743926905900665,0.5,10.147499999999999,0.025
541,292.7506921350956,460.58226304379394,399.9184739757259,0.1,432.3126656568724,6388.648509159815,7894.113362416758,20.0,0.022375,100.0,530.2204792552379,32.18447395659039,0.5,10.5825,0.025
542,292.7506921350956,460.58226304379394,399.9184739757259,0.1,432.3126656568724,6408.7408692596055,7895.918990593837,20.0,0.022375,100.0,308.4918174828444,48.6748991757063,0.25,10.42,0.025
543,292.7506921350956,460.58226304379394,399.9184739757259,0.1,432.3126656568724,6401.97675558005,7894.980146190614,20.0,0.022375,100.0,294.2569160376627,33.59628707795211,0.25,9.3525,0.025
544,292.7506921350956,460.58226304379394,399.9184739757259,0.1,432.3126656568724,6387.426104092806,7893.782027089769,20.0,0.022375,100.0,635.1939602767682,31.767870359329464,0.625,9.575,0.025
545,292.7506921350956,460.58226304379394,399.9184739757259,0.1,432.3126656568724,6394.7326166193925,7895.595288100679,20.0,0.022375,100.0,422.88789288876063,35.836483408073136,0.375,10.4925,0.025
546,292.7506921350956,460.58226304379394,399.9184739757259,0.1,432.3126656568724,6133.01908826137,7871.541032157065,20.0,0.01,100.0,430.73857124141654,60.65381539253537,0.375,11.5675,0.0125
547,289.0069421350956,456.8385130437939,393.67472397572584,0.1,428.56891565687243,6393.156344394922,7893.534953738497,20.0,0.0161875,100.0,62.27756859157489,0.9586854974004232,0.0,7.9675,0.0125
548,289.0069421350956,456.8385130437939,393.67472397572584,0.1,428.56891565687243,6338.731482341004,7889.804012876001,20.0,0.0161875,100.0,526.4538755302565,31.424557472663807,0.5,9.645,0.0125
549,289.0069421350956,456.8385130437939,393.67472397572584,0.1,428.56891565687243,6329.311191142734,7889.532290075509,20.0,0.0161875,100.0,175.72369225441628,32.05366375597835,0.125,8.317499999999999,0.0125
550,289.0069421350956,456.8385130437939,393.67472397572584,0.1,428.56891565687243,6321.853347503369,7889.090335073351,20.0,0.0161875,100.0,877.3727470708199,95.14197656655872,0.875,11.0625,0.0125
